"cell","resident","work"
1610,3805,494
1846,3918,561
1851,2513,534
1853,989,227
1856,1739,2440
1857,3561,1118
2103,1909,447
2105,2805,1146
2106,3838,4141
2107,163,89
2114,3680,452
2342,3006,402
2347,2518,389
2351,1488,230
2354,994,180
2357,3862,839
2372,2131,520
2374,672,413
2591,4002,395
2595,10122,2253
2605,1350,210
2611,998,222
2615,5025,716
2620,2121,299
2627,3801,516
2839,5264,644
2847,943,216
3086,4316,5268
3094,2564,619
3100,3618,545
3124,72,15
3128,2233,301
3334,3919,933
3337,187,362
3375,1402,175
3614,2076,422
3619,1142,249
3632,1901,209
3635,2222,233
3830,2,10
3831,6355,1421
3833,3615,618
3837,1581,193
3845,4743,475
3856,7511,1515
3860,1642,454
3865,115,27
4078,994,1285
4081,2282,800
4137,69,32
4141,1080,300
4142,5876,1979
4328,2528,2288
4329,4482,8069
4341,6940,1071
4345,1889,349
4348,2457,720
4354,326,135
4372,892,178
4577,39,52
4578,3321,455
4580,3211,1589
4582,5695,1962
4605,2737,294
4608,1029,163
4631,1661,209
4636,306,112
4637,4109,1119
4829,1636,446
4830,543,193
4831,5151,918
4834,4890,1395
4837,12912,1954
4852,2174,297
4863,1811,290
4868,1529,356
4890,136,28
4891,1496,172
5078,6413,1035
5081,3390,938
5084,192,198
5127,2145,296
5153,749,206
5327,126,38
5329,840,114
5333,4104,831
5334,10927,3717
5339,149,86
5369,4248,907
5402,1155,244
5410,67,27
5577,2169,508
5581,4403,727
5592,5292,659
5612,2534,422
5623,721,588
5876,1907,294
5893,3081,362
5898,1741,199
6078,9839,1088
6118,2343,357
6136,4765,833
6158,NA,2
6159,1816,714
6333,3474,518
6353,7376,1055
6365,7544,2509
6366,445,199
6414,1253,250
6588,3068,494
6609,295,76
6635,3014,356
6668,867,172
6841,9502,1261
6849,3466,510
6896,1046,168
6924,1573,192
6928,5819,1393
6935,1891,753
6939,4957,1353
7077,8034,1893
7078,1076,321
7085,1604,233
7088,4202,949
7113,6195,580
7114,165,19
7129,116,20
7133,3223,477
7165,1271,181
7192,24,6
7354,2636,441
7375,3382,459
7379,1360,298
7401,4126,1219
7410,2582,273
7436,1810,586
7584,10342,1681
7646,8995,1476
7849,3435,404
7871,4118,594
7927,1275,180
7948,1694,304
8080,3553,386
8170,1728,573
8182,2113,240
8195,577,392
8342,7000,1631
8582,6354,745
8602,4207,643
8609,6932,900
8638,5135,829
8656,1351,196
8830,742,95
8839,4683,599
8876,3805,989
8897,2679,407
8912,3640,373
8918,1195,150
8929,856,205
8940,1089,250
8954,858,112
9140,795,176
9333,3918,391
9468,1650,156
9473,111,17
9589,7592,1109
9601,3538,379
9607,1427,305
9658,1265,203
9724,834,115
9833,444,267
10084,3531,2725
10089,3907,455
10096,2057,330
10144,7328,763
10170,1512,335
10181,827,142
10189,108,42
10201,799,149
10334,2328,691
10335,3636,719
10383,3732,876
10414,166,65
10444,1007,211
10458,1630,147
10477,890,112
10586,6526,785
10601,1221,162
10609,2535,696
10616,1628,160
10633,594,164
10655,3472,657
10665,1799,552
10681,3805,511
10717,1170,369
10835,1481,409
10837,704,123
10847,5149,758
10903,1803,317
10911,1726,305
10918,749,236
10973,617,90
11087,5614,816
11092,6858,1089
11128,2831,332
11222,3252,632
11223,403,64
11225,2482,1175
11238,570,133
11361,1841,192
11393,4985,740
11424,2123,350
11601,8669,2270
11682,2181,335
11704,852,236
11858,2486,288
11884,4134,591
11901,1592,245
11946,6404,910
11960,830,511
11972,2331,309
12089,66,32
12090,5617,618
12096,3318,306
12120,738,92
12157,1978,604
12230,2391,341
12383,149,28
12431,7331,2003
12601,4072,415
12625,190,61
12632,1998,280
12842,2574,457
12875,1030,241
12901,2262,755
12913,1193,143
12933,28,28
12934,1575,1963
12985,89,33
13099,5462,817
13114,2859,658
13150,4175,787
13175,3082,433
13183,1306,207
13222,1769,258
13358,72,9
13444,168,39
13455,2,5
13456,1386,175
13670,2010,250
13694,3376,704
13845,1308,179
13849,1688,203
14011,20,10
14095,1049,236
14133,1908,446
14161,1679,236
14167,5074,1122
14184,2110,362
14241,3373,719
14255,68,16
14349,190,25
14350,2328,313
14375,2585,461
14452,3664,474
14475,542,81
14620,2460,456
14673,1975,397
14745,88,25
14859,1326,214
14936,1775,298
14995,222,29
15097,24,44
15098,4823,1318
15246,2486,479
15349,1733,1160
15440,1624,277
15600,261,184
15656,597,70
15672,1864,276
15699,1575,364
15714,920,109
15725,1248,273
15744,698,99
15849,31,37
15850,2804,631
15851,3972,459
15853,6696,1363
15871,1898,361
16100,6228,1116
16105,1297,156
16114,4756,802
16171,1910,440
16184,478,54
16400,157,30
16414,265,34
16601,7105,624
16604,4558,494
16625,1705,225
16670,3084,461
16853,10619,1909
16868,4020,447
16932,1775,368
17232,314,47
17355,2969,360
17358,1992,200
17367,1924,206
17635,3654,713
17673,578,101
17681,2094,682
17884,158,179
17984,1883,301
18108,5618,888
18115,3219,413
18118,1463,256
18123,7841,3652
18139,2044,245
18154,322,390
18160,1227,181
18177,1145,143
18185,166,38
18383,2943,565
18404,5244,546
18427,666,183
18466,977,111
18616,1549,225
18629,2042,639
18861,1255,361
18866,1181,435
18925,3667,824
19110,3450,924
19112,1048,634
19114,8165,1386
19122,887,188
19360,12,22
19443,2568,431
19481,505,50
19611,767,1753
19612,6977,2505
19618,1739,309
19633,3123,412
19678,4917,1317
19878,3070,838
19913,1514,227
20113,3516,945
20114,3510,704
20116,3488,620
20170,3084,741
20363,128,79
20387,1079,159
20396,6511,694
20436,1160,213
20616,3176,365
20621,1971,337
20628,959,285
20651,1245,215
20671,1089,180
20682,3833,635
20864,2303,624
20882,1973,433
20931,342,357
20995,2730,361
21115,2445,375
21118,1584,300
21201,2746,394
21373,1774,204
21377,681,193
21392,4599,884
21407,3718,520
21428,1314,258
21448,12509,2939
21617,1928,281
21619,1428,224
21639,3150,540
21658,646,134
21663,694,122
21701,2866,2265
21721,1227,214
21868,4819,828
21871,1470,302
21999,1030,219
22126,2827,431
22133,4190,984
22174,1510,279
22176,830,191
22205,3409,726
22368,5325,1030
22395,1455,306
22419,147,69
22420,1461,700
22421,413,808
22422,673,1182
22619,4626,847
22630,1815,353
22634,844,81
22671,824,203
22673,7285,2639
22700,4222,533
22751,673,102
22768,2068,443
22869,1735,1041
22877,350,95
22928,1506,223
22940,1053,211
22955,3363,548
22963,819,177
22966,2337,418
23120,40,1234
23124,5960,1166
23125,2103,337
23131,3935,629
23138,1639,334
23169,943,416
23194,962,112
23216,380,83
23370,2760,3178
23371,7458,2240
23379,11308,2283
23386,3306,786
23388,11410,5708
23427,5975,2025
23621,1425,284
23627,2418,282
23635,1029,366
23641,164,57
23662,2033,450
23669,910,154
23690,1262,278
23744,708,178
23750,141,40
23872,340,96
23873,1629,521
23875,4464,766
23881,2530,492
23894,4611,1854
23896,1825,382
23907,949,149
23925,1799,468
23973,376,104
24005,2754,867
24009,559,77
24032,766,99
24122,1577,253
24123,4777,662
24149,1820,767
24247,225,85
24251,2992,618
24265,73,27
24266,1174,263
24373,1848,561
24374,6942,1655
24380,51,27
24381,3815,638
24383,1015,185
24387,5409,620
24402,4345,921
24405,3351,864
24423,135,38
24623,5258,940
24626,1579,288
24643,2773,323
24732,187,36
24734,632,236
24739,446,105
24774,195,67
24775,3030,721
24781,1755,156
24837,1434,130
24874,1831,505
24877,771,140
24879,2710,698
24880,618,228
24895,1937,271
24920,3452,418
24990,52,19
24991,2123,572
24993,602,468
25124,1942,899
25125,2468,1209
25126,1091,274
25129,96,33
25130,4530,965
25132,3223,497
25136,4121,1298
25138,1020,167
25141,2235,318
25179,3089,1168
25187,2208,198
25375,1127,253
25376,1445,816
25377,7644,1382
25379,4191,834
25385,3218,519
25395,5871,1580
25400,1619,222
25405,1223,257
25412,966,144
25427,1113,192
25626,7740,2117
25627,2058,1271
25628,807,191
25629,1760,1478
25632,702,341
25633,6200,1723
25642,4091,664
25715,3300,545
25747,4173,1270
25763,106,35
25876,1425,202
25877,4048,2622
25878,1258,459
25881,3321,975
25882,1908,2080
25886,1803,325
25888,2026,288
25926,3490,613
25997,1979,793
26005,3763,935
26035,785,124
26127,1351,457
26129,781,870
26130,5841,3747
26133,2648,582
26135,2676,535
26136,752,191
26138,2055,863
26139,2043,522
26141,2459,406
26148,1436,254
26168,554,88
26378,5591,1309
26379,6103,3364
26380,2740,2296
26381,31,1258
26382,3636,746
26383,1415,990
26385,2307,433
26386,3088,491
26387,3192,474
26389,2719,562
26391,1464,241
26392,120,56
26393,3236,882
26396,3240,484
26403,1588,303
26408,3736,394
26427,1650,229
26450,215,46
26492,1967,289
26546,4689,407
26563,5780,435
26564,62,12
26628,127,201
26629,6756,2446
26630,1360,1023
26631,1761,477
26633,934,720
26634,2417,372
26656,2329,342
26674,3146,379
26708,1232,297
26752,878,174
26754,2924,3271
26755,256,296
26782,802,84
26846,467,66
26879,947,373
26880,8093,1664
26881,1740,505
26882,3940,1232
26883,1304,419
26884,2770,1529
26885,2879,841
26886,6719,2329
26887,855,617
26889,3622,898
26890,2304,591
26891,5516,2048
26892,1218,561
26893,1376,563
26894,3536,1569
26895,1011,1508
26897,1779,1101
26905,1767,934
26938,3084,296
26964,680,131
27006,4661,1138
27042,598,255
27098,2467,303
27130,12,6
27131,11645,3471
27132,5123,1230
27133,1507,435
27134,3851,1262
27135,2550,772
27136,1980,1167
27137,4203,4434
27138,783,251
27142,29,56
27143,2690,438
27145,196,106
27148,5530,2159
27149,4560,1431
27152,3866,1086
27155,3518,1178
27175,4746,1530
27209,9630,2012
27247,2344,262
27381,3602,1048
27382,9683,2445
27383,5282,772
27384,5736,2062
27386,5988,2852
27387,3520,1572
27388,977,244
27389,3090,662
27390,3222,842
27392,1317,192
27395,1694,233
27404,1532,419
27415,1256,154
27427,1553,266
27489,219,48
27494,1051,164
27498,254,41
27518,2108,483
27632,10732,3806
27633,8121,1161
27634,7093,4145
27635,3604,4463
27636,3695,1797
27637,1159,413
27638,4044,1189
27639,1759,292
27640,1531,766
27642,1760,382
27643,2550,495
27645,1017,152
27646,457,71
27647,2387,497
27649,3095,725
27654,1312,379
27763,2709,595
27764,130,46
27796,3453,892
27797,3007,2233
27883,11011,4306
27884,10024,2807
27885,5205,2555
27886,3613,2312
27887,4306,2822
27888,3386,890
27889,2335,373
27890,1105,315
27891,3305,1440
27892,1456,286
27894,510,93
27895,2922,553
27897,2042,789
27902,1116,510
27908,1804,227
27911,2135,297
27930,2432,274
27971,12781,2314
28004,2864,478
28015,73,38
28049,377,172
28102,7094,582
28134,8264,7869
28135,5647,3656
28136,5351,3388
28137,2009,1958
28138,1061,474
28139,2628,1159
28140,3615,1165
28142,2374,1589
28143,2478,479
28144,1236,279
28146,1379,524
28154,172,72
28156,1302,207
28216,1195,1139
28239,254,111
28384,3914,6188
28385,4447,7686
28386,3778,2746
28387,6202,5736
28388,3125,3186
28389,2045,797
28390,2016,919
28391,555,554
28392,955,1370
28393,2319,2440
28394,2038,615
28396,1855,743
28397,2084,312
28400,2754,357
28401,3238,928
28405,1980,283
28427,810,150
28467,379,480
28496,2186,684
28497,123,40
28519,724,138
28535,1052,152
28539,1282,411
28545,899,128
28557,919,93
28635,5560,11932
28636,2806,5228
28637,3096,6558
28638,3775,3174
28639,2003,676
28640,4991,3140
28641,2924,1808
28642,1713,1617
28643,3001,2573
28644,2278,954
28645,516,118
28646,2882,1440
28649,115,34
28658,1022,400
28667,1404,185
28675,6064,990
28751,1022,320
28753,865,1160
28754,151,173
28788,150,40
28812,1405,205
28823,557,163
28886,6407,12433
28887,3616,9118
28888,4748,6973
28889,3438,6572
28890,7215,6315
28891,2953,2142
28892,1236,1615
28893,1968,561
28894,1699,336
28895,1704,279
28896,1836,873
28897,1273,204
28899,2280,842
28900,2127,1053
28901,1078,409
28902,1639,296
28905,3688,1139
28912,3596,1366
28960,468,109
28969,12361,2409
29004,4161,952
29012,3462,637
29026,3659,717
29068,810,147
29076,1184,365
29088,961,99
29094,301,71
29136,55,136
29137,12367,20661
29138,7294,23114
29139,8590,10643
29140,3139,2044
29141,1878,380
29142,3386,605
29143,977,333
29144,3315,813
29146,966,137
29147,1673,277
29148,732,205
29149,3,8
29151,656,158
29158,68,22
29165,916,433
29171,112,28
29190,2602,598
29247,2474,554
29387,4768,15619
29388,3171,10919
29389,5079,5387
29390,9913,5735
29391,6709,2554
29392,4897,2038
29393,4127,713
29394,2779,498
29395,4441,934
29396,1209,374
29397,4224,1052
29398,1175,277
29399,894,175
29401,2651,1108
29402,917,339
29403,2939,2307
29405,2704,489
29409,1123,278
29425,2428,442
29429,775,174
29495,301,65
29498,159,38
29533,1140,333
29556,1095,137
29638,2618,6104
29639,8909,18921
29640,17491,11385
29641,9102,6006
29642,4390,3208
29643,2730,1048
29644,5326,935
29645,1756,340
29648,1559,484
29649,1233,346
29650,1080,453
29654,44,117
29663,3264,790
29670,5424,915
29710,2507,325
29730,2257,700
29733,889,214
29736,494,115
29766,1694,464
29891,15061,6750
29892,6869,3403
29893,6227,3280
29894,654,110
29895,1092,279
29896,4237,889
29897,1873,459
29898,1371,337
29900,1656,677
29903,2055,690
29906,3601,1174
29909,4099,543
29912,658,165
29917,1973,2401
29925,517,129
29966,758,176
30021,3705,824
30026,797,162
30036,4358,996
30142,4032,1893
30143,6609,1185
30144,2103,1326
30145,2160,1236
30146,3109,1748
30147,962,184
30148,5444,1698
30152,3009,1115
30154,4558,2149
30157,192,189
30158,1879,3220
30181,9207,6741
30242,5533,2029
30243,143,73
30244,NA,3
30261,2220,429
30300,491,68
30322,144,26
30393,1356,209
30394,5048,839
30395,3227,1168
30396,4709,3910
30397,1302,601
30398,3038,1691
30400,1300,373
30401,2323,317
30403,2468,573
30407,2559,940
30410,5935,3476
30420,944,157
30430,1127,686
30434,1770,885
30439,2544,665
30481,1274,219
30489,1555,396
30494,12,28
30495,506,241
30496,1909,771
30645,1343,328
30646,5561,1461
30647,1546,1190
30648,1143,393
30649,861,121
30650,2242,1608
30651,921,437
30652,1453,879
30653,2014,422
30654,2207,726
30661,2290,528
30664,1917,395
30666,720,74
30669,1346,171
30673,3816,807
30683,150,339
30745,1262,1952
30750,736,121
30777,3855,1173
30780,3622,595
30812,1038,230
30897,5369,1256
30898,1718,1395
30899,2266,548
30900,2802,860
30901,2609,799
30902,2005,355
30903,2541,1546
30904,1592,684
30908,4550,809
30909,1554,258
30912,1130,452
30913,121,40
30928,1346,187
30953,832,204
30979,3760,638
30994,4027,717
30995,410,97
31027,113,74
31028,10964,5721
31029,401,621
31082,2160,310
31148,5710,1596
31149,6559,1166
31150,3916,3040
31151,1581,259
31152,6225,748
31156,1296,741
31157,4905,895
31161,1917,263
31166,851,133
31172,1441,222
31274,2525,419
31281,159,149
31369,877,92
31398,30,16
31401,4481,1879
31407,5358,1689
31408,1271,843
31409,672,80
31410,1032,321
31413,1474,335
31419,1849,221
31427,2625,318
31457,2079,408
31466,8059,1416
31651,3803,1087
31652,3075,1390
31656,3288,514
31660,1660,483
31663,2393,238
31666,2500,350
31675,1517,184
31738,2945,572
31754,8122,1383
31782,103,25
31903,3524,1853
31904,1099,467
31905,97,714
31906,2100,454
31908,3255,473
31912,656,319
31921,2223,293
31928,1492,223
31949,2022,412
32028,1528,271
32032,2674,708
32045,2421,557
32150,1713,348
32155,3129,1148
32157,8710,3036
32161,1842,402
32162,3207,751
32167,1027,144
32169,5904,1151
32175,2968,562
32182,446,129
32185,2732,278
32195,5279,1540
32235,187,73
32404,3402,494
32405,1408,982
32410,1648,200
32411,2605,279
32415,5964,1110
32449,831,227
32490,1,4
32558,2717,458
32622,798,135
32656,4704,1767
32658,7609,792
32660,2178,279
32662,125,65
32668,1963,314
32682,5527,1882
32697,2963,822
32712,4039,745
32729,605,144
32739,4202,1247
32742,1764,424
32802,1559,291
32834,2275,221
32905,3247,399
32907,1056,380
32912,2737,345
32916,3087,313
32922,1281,267
32924,2440,273
32926,2125,256
32929,1508,316
32977,14437,1903
32978,2092,2457
33154,3087,433
33158,5328,1635
33160,2263,278
33165,5334,972
33170,4022,927
33186,1628,194
33286,2745,470
33405,244,51
33409,2504,1456
33412,1798,161
33418,1486,258
33420,1565,289
33424,2457,542
33435,1197,155
33442,84,25
33519,2783,629
33594,531,36
33656,2191,413
33659,1827,1074
33662,1365,258
33664,2231,267
33666,3227,416
33669,128,54
33673,4851,2610
33675,4605,1562
33694,4241,409
33724,904,283
33742,10466,2429
33812,1494,216
33909,1770,289
33911,3261,1931
33912,13,281
33913,2576,1480
33922,1894,3336
33923,1857,1741
33924,511,135
33931,3889,563
33935,5192,419
33986,4362,793
34013,2209,432
34160,2043,495
34161,1514,350
34162,1868,917
34163,3438,1643
34167,1667,233
34190,3893,1125
34211,681,401
34303,5431,1052
34380,2734,288
34407,2223,194
34413,2757,492
34423,2566,448
34424,284,75
34427,1296,154
34430,2365,573
34437,164,48
34440,985,217
34486,1139,126
34495,2363,639
34510,1567,334
34520,2662,605
34528,2598,409
34563,963,151
34662,572,120
34667,523,152
34668,4222,918
34670,2161,372
34672,1191,151
34673,114,48
34676,1588,206
34679,3100,428
34682,4362,1010
34695,1644,164
34710,1940,288
34714,1953,394
34720,425,131
34882,6349,728
34913,2404,1617
34914,1679,344
34915,6193,950
34924,216,71
34925,2535,659
34934,6435,1206
34939,7453,4323
34959,5144,640
34990,3641,710
35102,1593,136
35164,409,414
35166,3632,541
35173,1234,173
35178,1819,213
35183,895,138
35185,1588,387
35187,1932,972
35193,3507,330
35203,1961,260
35218,5553,751
35237,821,236
35244,2879,685
35249,4919,558
35295,3329,656
35368,2854,335
35410,785,162
35414,811,815
35415,5325,1809
35417,978,135
35421,5080,502
35440,6589,3027
35455,96,26
35492,2937,551
35515,6336,1538
35665,1446,661
35675,3466,561
35683,1346,965
35686,7931,1705
35700,1672,235
35745,393,247
35755,1963,243
35769,88,62
35916,286,59
35917,1289,957
35918,8074,6585
35919,399,852
35921,2019,292
35929,2265,870
35931,3947,524
35941,1408,182
35944,7881,1369
35971,4332,523
35981,10837,1273
35992,4817,1044
35994,2519,3259
36067,2156,843
36162,78,20
36167,696,253
36169,5,34
36170,4464,7296
36173,3475,488
36176,4464,1740
36177,5703,1361
36205,2361,226
36237,3225,482
36245,7546,2238
36246,4222,786
36293,1073,194
36311,1327,285
36417,776,160
36420,627,595
36421,1089,3579
36441,2162,265
36448,1994,301
36494,741,96
36498,2397,469
36502,4751,661
36510,5965,1075
36513,2908,533
36519,1080,490
36524,1587,383
36576,1009,152
36668,5484,1170
36673,4223,865
36675,2343,255
36677,1721,217
36679,2578,299
36682,415,55
36688,2303,265
36690,1247,159
36711,693,95
36717,1469,284
36758,4008,763
36889,2194,237
36915,3132,373
36918,3706,1441
36933,4608,513
36934,2235,356
36953,3008,492
36959,1966,190
36996,5009,441
36999,703,76
37001,5551,1457
37167,294,395
37168,10803,6630
37169,7732,2187
37172,5179,1244
37176,638,86
37178,2833,1380
37179,293,272
37182,1146,212
37192,902,115
37200,991,103
37206,1764,299
37232,4815,420
37239,2052,268
37270,962,274
37298,2124,343
37304,2110,425
37419,4622,1272
37421,830,162
37423,2017,635
37425,2194,333
37446,2062,267
37454,612,82
37477,7114,870
37487,3225,620
37501,8465,826
37503,3039,776
37513,144,70
37523,737,250
37562,1116,282
37609,1248,170
37642,9223,1873
37643,440,78
37670,3904,681
37671,14287,1858
37672,3991,767
37676,1467,235
37688,1149,256
37689,4239,1116
37690,600,114
37695,1665,334
37701,1372,215
37710,1206,1016
37711,5012,1155
37754,1731,333
37874,3169,575
37891,2568,454
37893,214,77
37894,7587,997
37926,3381,575
37928,1349,232
37929,1243,209
37932,3223,505
37936,5116,796
37943,1220,226
37952,384,173
37962,763,218
37968,529,121
38003,3214,596
38060,2298,444
38145,5666,619
38172,3492,867
38173,1696,439
38178,2246,360
38200,195,62
38204,1820,722
38209,2589,433
38215,44,27
38220,1563,386
38225,6038,1261
38228,581,1322
38230,88,27
38243,8958,1310
38247,3845,789
38255,4439,1404
38263,1568,169
38268,2615,495
38272,1236,312
38367,2153,292
38381,2798,316
38423,4253,466
38425,444,73
38426,2192,342
38431,3474,511
38440,1586,219
38479,5279,4565
38481,824,271
38483,862,194
38488,7577,1371
38490,4207,3428
38498,169,149
38499,1177,274
38500,5311,1184
38505,1184,247
38506,1004,171
38508,612,76
38517,425,232
38534,377,84
38648,2430,223
38674,1939,183
38676,7645,1891
38679,3195,393
38684,4990,759
38693,1251,124
38697,1968,339
38716,1903,268
38722,511,75
38736,86,10
38738,1194,248
38752,2927,849
38753,2452,1622
38758,2229,3764
38760,2233,515
38761,55,34
38762,1583,445
38766,3929,527
38769,2410,783
38778,3181,455
38812,1155,287
38939,566,159
38953,1030,112
38958,8429,3050
38967,944,1260
39006,3183,759
39008,2546,889
39011,4077,3125
39017,1515,423
39113,1116,149
39148,2462,246
39149,360,20
39176,138,47
39178,4470,802
39191,4048,734
39201,2097,638
39230,2123,383
39236,3123,631
39246,981,126
39252,2333,402
39255,3118,362
39260,1160,527
39262,3386,1388
39263,5101,2749
39268,514,155
39269,3912,1528
39271,74,60
39275,6303,2368
39375,1687,387
39391,682,237
39427,553,124
39428,3252,568
39430,1964,308
39433,2611,318
39446,2790,1379
39457,661,75
39514,2329,1381
39515,3528,7061
39516,1056,2568
39517,1914,1489
39535,1701,253
39554,1939,314
39559,285,106
39631,300,1058
39632,3706,2027
39633,211,98
39652,3273,544
39683,7604,2697
39687,4151,468
39706,1939,212
39710,1008,292
39722,2363,1074
39731,357,79
39750,1471,275
39755,733,182
39759,2966,453
39762,189,70
39764,2339,444
39765,3161,656
39766,4580,7917
39767,156,1116
39769,8577,1596
39772,2511,407
39776,3245,756
39777,6010,2013
39790,31,42
39791,716,303
39796,23,10
39832,1363,128
39883,856,299
39930,1918,348
39932,7897,706
39941,5001,970
39948,832,100
39969,2559,276
40018,5801,2804
40031,2820,1017
40133,3236,1462
40180,3501,421
40188,2847,905
40196,176,200
40242,7450,1943
40246,6909,901
40259,244,70
40264,2765,364
40267,1282,1058
40268,1385,505
40270,2749,768
40276,3182,872
40286,905,140
40295,819,254
40431,3581,261
40432,2795,928
40442,3022,1818
40447,1269,414
40448,1193,1151
40451,3444,1156
40457,3669,586
40500,2249,624
40512,5713,1043
40518,10888,3775
40519,2,3
40522,2616,498
40524,2959,611
40525,1274,195
40532,38,14
40560,3549,871
40566,2370,892
40633,101,28
40687,3457,943
40713,6783,2292
40719,1945,257
40732,5094,1031
40733,4507,1494
40766,4899,870
40810,3035,1985
40894,2278,300
40933,6858,2771
40936,3108,481
40939,3831,624
40954,2989,1314
40982,3141,402
41021,65,71
41024,4868,421
41061,289,154
41157,5472,361
41183,6089,953
41200,3781,381
41262,48,15
41265,1514,252
41270,1277,498
41277,3875,935
41318,291,41
41401,2151,238
41407,3415,640
41437,8577,664
41459,2997,334
41465,2472,234
41469,3976,1203
41508,3224,587
41520,2381,267
41522,11530,2070
41526,26,4
41532,859,275
41558,3343,662
41635,5547,787
41653,17183,1489
41658,4794,382
41692,2476,327
41696,4901,402
41764,5611,1122
41772,1402,376
41893,837,143
41904,3547,383
41905,1110,148
41936,3805,608
41941,3321,460
41958,3459,521
41990,1172,182
42023,5226,783
42026,170,45
42029,34,13
42074,1548,327
42085,1881,241
42095,605,94
42147,360,80
42160,2624,373
42200,1123,166
42213,3692,362
42267,1454,203
42271,3895,712
42274,3545,707
42283,4662,961
42291,1639,368
42342,114,22
42411,11346,834
42438,5475,1022
42454,2175,301
42471,2810,247
42478,3489,412
42487,795,125
42503,2595,253
42514,345,74
42521,46,12
42533,69,10
42644,533,95
42661,6705,1097
42695,1269,175
42744,2343,529
42750,2738,232
42846,1404,452
42905,1727,327
42912,4458,336
42939,1591,507
42940,5516,1292
42944,4624,1453
42949,3261,495
43011,3645,447
43021,4050,343
43030,6307,806
43151,6112,782
43160,3760,379
43162,3556,2631
43213,2678,395
43220,1120,123
43261,874,1256
43412,3170,304
43413,2241,1105
43440,3570,353
43443,4847,758
43449,1357,249
43483,1419,365
43484,2394,1156
43494,788,189
43518,1053,172
43523,2958,532
43526,1471,336
43530,2823,837
43571,6355,796
43642,4396,615
43662,4102,593
43738,1259,157
43760,6155,1676
43779,3297,562
43914,4517,386
43957,2310,290
43980,2004,341
43984,217,116
43992,815,145
43995,1038,271
44002,2228,735
44039,3204,448
44194,4671,1014
44197,1428,195
44204,2489,290
44215,4524,1218
44226,2599,316
44247,727,319
44255,900,92
44282,1354,517
44284,2057,886
44356,1944,246
44470,8399,4050
44486,2388,329
44503,2284,994
44504,855,658
44510,4004,690
44517,3087,263
44534,3186,3488
44578,1339,388
44666,2286,211
44694,4878,372
44697,3696,417
44716,1291,218
44724,2608,256
44743,972,180
44755,182,78
44756,899,1942
44757,1112,821
44758,1679,298
44786,11920,3335
44787,1474,167
44911,3868,373
44963,3618,664
45005,1530,540
45006,648,805
45007,1996,6491
45008,888,1255
45039,1264,259
45114,327,40
45168,4935,399
45200,4659,1485
45203,2933,414
45208,4343,1013
45237,3100,267
45254,1192,323
45256,485,121
45258,120,522
45261,1014,402
45265,256,35
45266,2665,541
45401,2958,519
45479,2301,206
45502,653,153
45507,1277,460
45509,1484,384
45526,1746,285
45538,49,21
45582,3032,561
45661,4442,822
45701,1272,221
45703,1752,180
45716,2988,315
45720,2346,269
45725,1720,436
45735,1629,193
45747,1251,163
45766,2099,386
45793,141,57
45795,6467,1205
45919,11859,1928
45948,2580,249
46008,1873,300
46036,797,98
46041,2711,496
46052,397,87
46074,137,20
46145,289,61
46202,1070,228
46209,6022,557
46242,2317,516
46265,1397,136
46372,1662,671
46384,702,170
46455,1816,245
46508,1992,350
46523,5249,1225
46538,1541,306
46565,77,30
46574,1040,248
46626,1670,333
46700,694,74
46738,2191,280
46770,597,66
46778,2100,782
46787,96,40
46803,4526,1259
46954,967,151
46964,2791,534
46972,2221,223
46976,2123,175
46981,3169,367
47011,778,127
47015,2610,390
47047,1046,161
47253,1805,288
47288,3309,347
47295,3367,625
47342,1766,296
47454,2184,2574
47535,489,96
47543,102,50
47705,7891,2169
47709,1637,227
47711,2067,291
47758,1620,227
47806,3596,589
47889,131,35
47926,4434,549
47968,3327,508
47972,2591,665
47977,1649,293
47982,1993,219
48032,4269,602
48209,1423,187
48239,2964,893
48244,2726,380
48278,1437,185
48420,7832,1129
48427,377,84
48499,1600,210
48503,1762,261
48552,2846,606
48584,582,115
48713,3984,496
48759,3465,1429
48848,4537,641
48898,1404,293
49017,2915,312
49049,4863,661
49229,873,94
49241,2082,188
49472,2296,238
49483,1372,224
49542,4154,756
49555,1064,158
49679,3559,486
49750,3441,634
49760,1349,172
49777,2457,479
49968,1127,325
50053,2531,238
50103,3802,999
50180,10574,1363
50285,2358,329
50430,7284,991
50470,2784,346
50494,4179,410
50511,1437,195
50549,838,117
50680,5384,910
50682,5071,525
50731,1501,313
50812,2552,748
50872,1774,177
51029,216,49
51046,1085,156
51053,2966,468
51056,4229,399
51162,3901,712
51177,4277,1048
51182,4250,682
51228,1739,176
51258,3533,548
51430,3921,1765
51431,1141,2115
51432,3760,701
51520,1283,214
51681,1180,652
51682,6971,3109
51725,2436,315
51790,2243,315
51832,381,183
51857,1543,335
51931,1021,243
51932,2196,371
51986,1138,157
52003,3970,381
52182,7373,740
52244,2347,207
52259,5297,1991
52280,1238,250
52319,455,75
52473,2775,299
52518,1878,220
52631,155,43
52679,3873,578
52729,780,164
52811,6758,1563
52983,1568,234
52988,1951,281
52993,1417,197
53000,478,142
53016,1798,215
53027,541,87
53072,1573,205
53090,1395,302
53177,2368,549
53178,5428,644
53381,2322,469
53427,4006,1318
53429,9593,1172
53761,1609,292
53774,1319,180
53797,1593,369
53810,2988,240
53822,1212,247
53864,898,168
53927,6322,1398
54038,359,69
54071,1555,330
54234,1581,327
54281,651,241
54284,2224,606
54327,96,24
54334,47,11
54349,579,69
54427,10235,1249
54503,1758,231
54510,956,106
54520,1739,292
54550,1445,298
54578,821,153
54678,481,60
54828,8,6
54983,2913,211
54996,862,158
55070,4939,408
55329,197,92
55331,2961,654
55535,1902,222
55633,4587,755
55680,4738,648
55761,3302,949
55831,3643,1310
55832,1066,1412
55838,30,10
55845,1971,124
56106,1151,155
56493,2109,493
56571,701,104
56586,105,25
56587,418,129
56591,1663,261
56738,1657,192
56835,716,95
56882,1500,194
56887,44,29
56888,862,435
56933,16158,1415
56934,8857,1817
57042,2676,485
57062,2490,290
57189,3628,595
57261,1788,227
57329,1091,196
57342,1341,440
57376,8,7
57378,3084,690
57380,1046,866
57397,1090,238
57440,8,13
57495,948,152
57523,2708,353
57555,4913,630
57597,1568,276
57613,268,63
57615,415,76
57628,3269,1661
57631,4865,1196
57823,1206,258
57837,3047,426
57851,604,237
57852,404,56
57906,2339,612
58179,1295,233
58251,4840,583
58421,3803,624
58511,519,96
58632,1797,399
58744,965,135
58802,277,83
58814,2208,248
58879,1348,221
58892,884,123
59010,1538,341
59043,513,94
59104,1152,151
59125,2770,670
59134,716,228
59285,1329,364
59329,1415,168
59555,4563,997
59635,1437,204
59745,968,348
59927,1198,118
59941,1221,253
60008,11638,2001
60011,1890,359
60114,437,45
60141,1065,190
60147,1193,274
60331,1342,296
60344,5592,1308
60350,792,81
60578,1387,292
60593,67,36
60613,3406,401
60630,3477,596
60635,1524,1106
60649,398,129
60750,2445,271
60774,1742,214
60819,878,188
60880,1354,245
60888,4153,608
61062,608,115
61110,1273,184
61263,455,66
61343,1062,138
61591,1386,257
61597,483,98
61654,1616,269
61818,2337,332
62077,1311,193
62104,2925,253
62135,605,55
62140,3008,363
62252,NA,1
62558,657,149
62589,2938,387
62757,2996,192
62772,2062,251
62850,1642,270
62948,3335,437
63044,914,176
63153,542,115
63383,182,37
63397,489,198
63398,2117,665
63407,617,100
63574,4493,1223
63586,2708,596
63816,1973,301
64102,326,70
64150,2134,222
64200,770,265
64515,2794,179
64529,849,144
64573,1777,237
64581,316,63
64815,1840,240
64915,2091,173
65059,1901,291
65144,57,17
65320,565,95
65375,529,88
65454,2089,296
65528,324,29
65607,1290,262
65774,5308,510
65838,4088,804
66068,433,120
66084,1524,162
66151,267,22
66353,1650,155
66538,376,68
66575,2086,561
66637,1087,144
66827,1497,263
66870,2885,282
67110,956,183
67207,2643,419
67335,853,188
67385,1709,499
67599,1195,212
67601,220,50
67602,1247,172
67698,610,68
67824,635,85
67842,1157,196
67854,2327,596
67855,2722,661
67918,1173,116
68103,3682,1503
68104,1026,422
68110,55,9
68111,1279,211
68349,4295,597
68354,1924,2713
68356,1516,1147
68454,1926,455
68455,134,30
68587,656,112
68857,480,767
68858,2335,3185
68897,1727,172
68924,4697,736
68930,424,100
69190,699,84
69206,903,155
69359,882,328
69371,2802,906
69455,2066,177
69582,765,87
69613,3508,699
69676,1618,309
70115,1288,203
70132,1048,171
70181,182,57
70342,450,60
70352,533,134
70360,1645,200
70374,417,81
70440,938,133
70462,6500,1046
70619,1047,169
70659,942,129
70715,1129,151
70903,1726,283
70934,134,46
70961,525,60
71122,109,29
71187,5193,528
71399,3788,646
71601,471,60
71629,1050,330
71888,753,153
71961,123,37
71964,8577,866
72201,1885,309
72218,1143,144
72345,2446,230
72367,590,102
72407,773,118
72416,1022,75
72706,2171,276
72894,1730,201
73104,1628,232
73135,2024,263
73211,12272,1311
73223,759,151
73451,3741,531
73460,2031,227
73461,1682,368
73557,1110,135
73669,1555,200
74158,1222,170
74216,2228,497
74388,2967,935
74396,1619,205
74466,1482,453
74467,60,21
74638,522,204
74677,3091,724
74678,89,38
74711,786,240
74721,1194,512
74962,73,24
74968,339,108
74973,3181,507
75224,2306,941
75329,2908,213
75386,973,152
75424,1554,131
75436,1175,182
75475,7017,2581
75619,1955,296
75721,228,152
75722,3345,1019
75724,4705,817
75725,1752,523
75726,329,211
75727,2171,1480
75974,3412,835
75975,1793,592
76133,1796,229
76227,2063,460
76393,2365,415
76473,1164,343
76477,1800,344
76654,1475,167
76728,19,4
76959,2669,354
77169,1383,511
77230,166,43
77381,2031,498
77458,166,24
77641,1594,256
77942,3117,290
77981,1040,235
78205,1038,154
78418,447,60
78654,4055,772
78733,742,148
78881,1896,224
78896,897,135
78909,2556,363
78983,314,100
79234,60,22
79379,453,45
79394,1095,157
79484,1422,88
79712,75,14
79911,4200,911
79915,1204,250
80160,4973,686
80161,4247,593
80193,928,198
80352,1749,254
80397,1661,262
80406,3251,520
80411,909,140
80412,1079,532
80413,8632,7227
80420,1351,312
80485,1467,141
80635,1126,120
80659,6993,1480
80663,3311,1231
80664,1690,2056
80703,408,43
80877,249,133
80916,6137,807
81163,2177,458
81164,4499,754
81354,1692,205
81363,754,118
81390,215,30
81625,1124,108
81651,635,45
81899,2020,165
82135,257,25
82168,167,59
82169,1711,326
82237,780,144
82613,3328,533
82622,3192,578
82664,4438,670
82892,1137,132
82951,838,175
83410,779,154
83489,740,64
83735,1225,121
83865,1581,252
84123,1843,310
84179,3068,717
84207,57,11
84212,994,186
84221,500,105
84366,268,56
84689,662,159
84712,517,138
84902,749,58
85474,786,151
85487,436,130
85620,3561,1142
85705,2131,335
85715,1310,300
85738,842,182
86440,1834,325
86622,4903,2534
86623,2362,742
86672,1088,120
86873,2822,512
86895,2011,354
87121,730,86
87227,852,178
87460,391,54
87690,14,5
87873,2084,206
88242,1114,177
88463,3689,546
89120,392,46
89152,1901,274
89175,2083,237
89198,2908,371
89615,148,16
89625,4609,386
90116,1847,165
90183,4615,658
90497,961,99
90699,2620,483
90719,1032,288
91200,189,52
91432,204,52
91684,3627,688
91713,618,149
91744,3319,272
92233,6370,824
93205,339,80
93244,7793,764
93252,1159,155
93463,237,43
93675,4063,509
93944,1226,126
94431,2547,344
94710,1489,249
94755,8274,1676
94997,797,142
95000,2907,352
95707,1279,276
95949,3578,530
96188,1366,208
96225,2232,317
96249,11298,1376
96468,394,73
96486,1377,274
96718,8314,1600
96972,983,222
96995,8175,936
97251,803,59
97440,1718,132
97471,7460,2391
97969,8203,1123
97990,6661,1272
98224,468,402
98229,3048,776
98450,806,172
98475,9007,4246
98739,6132,914
99256,379,68
99468,1051,221
99730,2045,284
101215,4109,620
101911,1392,168
101912,672,114
101989,135,31
102999,2862,260
103242,4164,616
103431,1832,239
104177,1831,206
104221,17,6
104239,5522,981
104701,1375,156
104984,351,66
105196,3991,771
105219,2155,327
105460,6673,826
105461,5394,1773
105481,1246,117
105489,470,112
105709,3622,1941
105710,2816,1554
105711,2553,1284
105712,1106,227
105713,4727,878
105715,162,56
105726,3025,927
105727,5427,1995
105736,2483,446
105960,120,93
105961,7745,9525
105962,578,253
105963,2791,1162
105964,3555,754
105975,3333,270
106195,2154,466
106213,4182,1307
106214,3125,1096
106215,553,85
106221,4655,987
106231,3252,429
106232,364,91
106234,2233,436
106235,3578,945
106237,29,16
106446,212,72
106447,781,378
106462,1784,225
106463,3362,683
106465,5347,2726
106466,1944,335
106467,3105,661
106480,184,30
106712,5726,619
106717,2808,667
106718,375,76
106741,1436,168
106958,2736,237
106964,897,148
106965,6646,1254
106966,500,128
106967,510,146
106971,4543,848
106983,1945,204
106997,1143,426
107200,1759,380
107212,3591,362
107219,7055,923
107240,388,73
107460,317,70
107465,4313,1203
107466,5128,746
107468,4612,1205
107491,2363,339
107711,3582,550
107725,267,29
107726,1897,272
107954,1793,435
107966,965,273
107971,2632,1347
107979,637,92
107993,1165,171
108205,1347,227
108211,2485,277
108214,8850,1109
108215,1050,670
108217,5002,658
108219,163,26
108220,2148,322
108222,4399,1347
108225,10369,1398
108230,6757,886
108454,216,37
108463,122,11
108499,1164,140
108717,1179,298
108722,4720,634
108724,4051,593
108733,2292,457
108968,1019,300
108975,523,279
108984,285,60
108985,2413,665
109216,2045,243
109219,2294,210
109222,4261,557
109227,3069,857
109231,4017,558
109236,2128,290
109245,220,88
109473,319,62
109487,290,36
109494,4212,516
109495,1495,463
109496,1601,1151
109497,17,23
109742,1391,146
109744,1357,237
109748,6157,1169
109750,3814,958
109980,3820,589
109991,231,34
109994,8527,913
109998,493,65
110001,5240,1084
110243,2043,193
110247,1992,192
110249,3837,343
110251,1394,174
110253,2507,908
110254,3934,345
