<?xml version="1.0" encoding="UTF-8"?>
<metadata xml:lang="en"><Esri><CreaDate>20150317</CreaDate><CreaTime>13055800</CreaTime><SyncOnce>FALSE</SyncOnce><DataProperties><lineage><Process ToolSource="C:\Program Files\ArcGIS\Desktop10.0\ArcToolbox\Toolboxes\Data Management Tools.tbx\CalculateField" Date="20111201" Time="143032">CalculateField ampara_gnd_final aaa [DSD_C] VB #</Process><Process ToolSource="C:\Program Files\ArcGIS\Desktop10.0\ArcToolbox\Toolboxes\Data Management Tools.tbx\CalculateField" Date="20111201" Time="143111">CalculateField ampara_gnd_final DSD_C [aaa] VB #</Process><Process ToolSource="C:\Program Files\ArcGIS\Desktop10.0\ArcToolbox\Toolboxes\Data Management Tools.tbx\CalculateField" Date="20111201" Time="143216">CalculateField ampara_gnd_final GND_NO [GND_C] VB #</Process><Process ToolSource="C:\Program Files\ArcGIS\Desktop10.0\ArcToolbox\Toolboxes\Data Management Tools.tbx\CalculateField" Date="20111201" Time="143703">CalculateField ampara_gnd_final PROVINCE_N "Eastern" VB #</Process><Process ToolSource="C:\Program Files\ArcGIS\Desktop10.0\ArcToolbox\Toolboxes\Data Management Tools.tbx\CalculateField" Date="20111201" Time="144049">CalculateField ampara_gnd_final PROVINCE_C "5" VB #</Process><Process ToolSource="C:\Program Files\ArcGIS\Desktop10.0\ArcToolbox\Toolboxes\Data Management Tools.tbx\CalculateField" Date="20111201" Time="144058">CalculateField ampara_gnd_final DISTRICT_C "2" VB #</Process><Process ToolSource="C:\Program Files\ArcGIS\Desktop10.0\ArcToolbox\Toolboxes\Data Management Tools.tbx\CalculateField" Date="20111227" Time="145015">CalculateField Ninthavur POLLI_DV_C 102 VB #</Process><Process ToolSource="C:\Program Files\ArcGIS\Desktop10.0\ArcToolbox\Toolboxes\Data Management Tools.tbx\CalculateField" Date="20111227" Time="154625">CalculateField Padiyathalawa SECTOR_N Rural VB #</Process><Process ToolSource="C:\Program Files\ArcGIS\Desktop10.0\ArcToolbox\Toolboxes\Data Management Tools.tbx\CalculateField" Date="20111227" Time="154744">CalculateField Padiyathalawa SECTOR_N Rural VB #</Process><Process ToolSource="C:\Program Files\ArcGIS\Desktop10.0\ArcToolbox\Toolboxes\Data Management Tools.tbx\CalculateField" Date="20111227" Time="154836">CalculateField Padiyathalawa SECTOR_C 2 VB #</Process><Process ToolSource="C:\Program Files\ArcGIS\Desktop10.0\ArcToolbox\Toolboxes\Data Management Tools.tbx\CalculateField" Date="20111227" Time="154937">CalculateField Padiyathalawa MC_UC_PS_C 41 VB #</Process><Process ToolSource="C:\Program Files\ArcGIS\Desktop10.0\ArcToolbox\Toolboxes\Data Management Tools.tbx\CalculateField" Date="20111227" Time="155010">CalculateField Padiyathalawa POLLI_DV_C 99
 VB #</Process><Process ToolSource="C:\Program Files\ArcGIS\Desktop10.0\ArcToolbox\Toolboxes\Data Management Tools.tbx\CalculateField" Date="20111228" Time="144730">CalculateField Dehiattakandiya SECTOR_N Rural VB #</Process><Process ToolSource="C:\Program Files\ArcGIS\Desktop10.0\ArcToolbox\Toolboxes\Data Management Tools.tbx\CalculateField" Date="20111228" Time="144755">CalculateField Dehiattakandiya SECTOR_N Rural VB #</Process><Process ToolSource="C:\Program Files\ArcGIS\Desktop10.0\ArcToolbox\Toolboxes\Data Management Tools.tbx\CalculateField" Date="20111228" Time="144815">CalculateField Dehiattakandiya SECTOR_N Rural VB #</Process><Process ToolSource="C:\Program Files\ArcGIS\Desktop10.0\ArcToolbox\Toolboxes\Data Management Tools.tbx\CalculateField" Date="20111228" Time="144842">CalculateField Dehiattakandiya SECTOR_N Rural VB #</Process><Process ToolSource="C:\Program Files\ArcGIS\Desktop10.0\ArcToolbox\Toolboxes\Data Management Tools.tbx\CalculateField" Date="20111228" Time="145214">CalculateField Dehiattakandiya POLLI_DV_C 99 VB #</Process><Process ToolSource="C:\Program Files\ArcGIS\Desktop10.0\ArcToolbox\Toolboxes\Data Management Tools.tbx\CalculateField" Date="20111228" Time="145252">CalculateField Dehiattakandiya MC_UC_PS_C 34 VB #</Process><Process ToolSource="C:\Program Files\ArcGIS\Desktop10.0\ArcToolbox\Toolboxes\Data Management Tools.tbx\CalculateField" Date="20111230" Time="112002">CalculateField Mahaoya MC_UC_PS_C 38 VB #</Process><Process ToolSource="C:\Program Files\ArcGIS\Desktop10.0\ArcToolbox\Toolboxes\Data Management Tools.tbx\CalculateField" Date="20111230" Time="112030">CalculateField Mahaoya POLLI_DV_C 99 VB #</Process><Process ToolSource="C:\Program Files\ArcGIS\Desktop10.0\ArcToolbox\Toolboxes\Data Management Tools.tbx\CalculateField" Date="20120105" Time="155328">CalculateField "ampara_gnd_final selection" POLLI_DV_C 101 VB #</Process><Process ToolSource="C:\Program Files\ArcGIS\Desktop10.0\ArcToolbox\Toolboxes\Data Management Tools.tbx\CalculateField" Date="20120105" Time="155408">CalculateField "ampara_gnd_final selection" POLLI_DV_C 101 VB #</Process><Process ToolSource="C:\Program Files\ArcGIS\Desktop10.0\ArcToolbox\Toolboxes\Data Management Tools.tbx\CalculateField" Date="20120105" Time="155754">CalculateField "ampara_gnd_final selection" DSD_C 21 VB #</Process><Process ToolSource="C:\Program Files\ArcGIS\Desktop10.0\ArcToolbox\Toolboxes\Data Management Tools.tbx\CalculateField" Date="20120105" Time="155815">CalculateField "ampara_gnd_final selection" SECTOR_C 1 VB #</Process><Process ToolSource="C:\Program Files\ArcGIS\Desktop10.0\ArcToolbox\Toolboxes\Data Management Tools.tbx\CalculateField" Date="20120105" Time="155843">CalculateField "ampara_gnd_final selection" MC_UC_PS_C 11 VB #</Process><Process ToolSource="c:\program files (x86)\arcgis\desktop10.1\ArcToolbox\Toolboxes\Conversion Tools.tbx\FeatureClassToFeatureClass" Date="20130611" Time="113644">FeatureClassToFeatureClass "C:\TDB\GIS_Data\03.GN_Data\Census Dept data\SriLanka_GN_From_Census_Dec_2012\AMPARA_GNDB_2011_V4.shp" "C:\TDB\GIS_Data\03.GN_Data\Census Dept data\GN_Census_2012.mdb\Admin_Boundary_2012" AD_GND_Pg # "PROVINCE_N "PROVINCE_N" true true false 30 Text 0 0 ,First,#,C:\TDB\GIS_Data\03.GN_Data\Census Dept data\SriLanka_GN_From_Census_Dec_2012\AMPARA_GNDB_2011_V4.shp,PROVINCE_N,-1,-1;PROVINCE_C "PROVINCE_C" true true false 1 Text 0 0 ,First,#,C:\TDB\GIS_Data\03.GN_Data\Census Dept data\SriLanka_GN_From_Census_Dec_2012\AMPARA_GNDB_2011_V4.shp,PROVINCE_C,-1,-1;DISTRICT_N "DISTRICT_N" true true false 30 Text 0 0 ,First,#,C:\TDB\GIS_Data\03.GN_Data\Census Dept data\SriLanka_GN_From_Census_Dec_2012\AMPARA_GNDB_2011_V4.shp,DISTRICT_N,-1,-1;DISTRICT_C "DISTRICT_C" true true false 1 Text 0 0 ,First,#,C:\TDB\GIS_Data\03.GN_Data\Census Dept data\SriLanka_GN_From_Census_Dec_2012\AMPARA_GNDB_2011_V4.shp,DISTRICT_C,-1,-1;DSD_N "DSD_N" true true false 50 Text 0 0 ,First,#,C:\TDB\GIS_Data\03.GN_Data\Census Dept data\SriLanka_GN_From_Census_Dec_2012\AMPARA_GNDB_2011_V4.shp,DSD_N,-1,-1;DSD_C "DSD_C" true true false 2 Text 0 0 ,First,#,C:\TDB\GIS_Data\03.GN_Data\Census Dept data\SriLanka_GN_From_Census_Dec_2012\AMPARA_GNDB_2011_V4.shp,DSD_C,-1,-1;GND_NO "GND_NO" true true false 10 Text 0 0 ,First,#,C:\TDB\GIS_Data\03.GN_Data\Census Dept data\SriLanka_GN_From_Census_Dec_2012\AMPARA_GNDB_2011_V4.shp,GND_NO,-1,-1;GND_N "GND_N" true true false 50 Text 0 0 ,First,#,C:\TDB\GIS_Data\03.GN_Data\Census Dept data\SriLanka_GN_From_Census_Dec_2012\AMPARA_GNDB_2011_V4.shp,GND_N,-1,-1;GND_C "GND_C" true true false 3 Text 0 0 ,First,#,C:\TDB\GIS_Data\03.GN_Data\Census Dept data\SriLanka_GN_From_Census_Dec_2012\AMPARA_GNDB_2011_V4.shp,GND_C,-1,-1;MC_UC_PS_N "MC_UC_PS_N" true true false 50 Text 0 0 ,First,#,C:\TDB\GIS_Data\03.GN_Data\Census Dept data\SriLanka_GN_From_Census_Dec_2012\AMPARA_GNDB_2011_V4.shp,MC_UC_PS_N,-1,-1;MC_UC_PS_C "MC_UC_PS_C" true true false 10 Text 0 0 ,First,#,C:\TDB\GIS_Data\03.GN_Data\Census Dept data\SriLanka_GN_From_Census_Dec_2012\AMPARA_GNDB_2011_V4.shp,MC_UC_PS_C,-1,-1;POLLI_DV_N "POLLI_DV_N" true true false 50 Text 0 0 ,First,#,C:\TDB\GIS_Data\03.GN_Data\Census Dept data\SriLanka_GN_From_Census_Dec_2012\AMPARA_GNDB_2011_V4.shp,POLLI_DV_N,-1,-1;POLLI_DV_C "POLLI_DV_C" true true false 10 Text 0 0 ,First,#,C:\TDB\GIS_Data\03.GN_Data\Census Dept data\SriLanka_GN_From_Census_Dec_2012\AMPARA_GNDB_2011_V4.shp,POLLI_DV_C,-1,-1;SECTOR_N "SECTOR_N" true true false 50 Text 0 0 ,First,#,C:\TDB\GIS_Data\03.GN_Data\Census Dept data\SriLanka_GN_From_Census_Dec_2012\AMPARA_GNDB_2011_V4.shp,SECTOR_N,-1,-1;SECTOR_C "SECTOR_C" true true false 10 Text 0 0 ,First,#,C:\TDB\GIS_Data\03.GN_Data\Census Dept data\SriLanka_GN_From_Census_Dec_2012\AMPARA_GNDB_2011_V4.shp,SECTOR_C,-1,-1;AREA "AREA" true true false 15 Double 2 14 ,First,#,C:\TDB\GIS_Data\03.GN_Data\Census Dept data\SriLanka_GN_From_Census_Dec_2012\AMPARA_GNDB_2011_V4.shp,AREA,-1,-1;GN_UID "GN_UID" true true false 7 Text 0 0 ,First,#,C:\TDB\GIS_Data\03.GN_Data\Census Dept data\SriLanka_GN_From_Census_Dec_2012\AMPARA_GNDB_2011_V4.shp,GN_UID,-1,-1" #</Process><Process ToolSource="C:\Program Files\ArcGIS\Desktop10.0\ArcToolbox\Toolboxes\Data Management Tools.tbx\DeleteFeatures" Date="20131009" Time="143022">DeleteFeatures D:\NDC\NDC\Kalutara\Kalutara.mdb\Admin_Boundary\AD_PS_Pg</Process><Process ToolSource="C:\Program Files\ArcGIS\Desktop10.0\ArcToolbox\Toolboxes\Data Management Tools.tbx\CalculateField" Date="20131009" Time="143352">CalculateField D:\NDC\NDC\Kalutara\Kalutara.mdb\Admin_Boundary\AD_PS_Pg MC_UC_PS_N "Agalawatta PS" VB #</Process><Process ToolSource="C:\Program Files\ArcGIS\Desktop10.0\ArcToolbox\Toolboxes\Data Management Tools.tbx\CalculateField" Date="20131009" Time="145036">CalculateField AD_PS_Pg MC_UC_PS_N "Bulathsinhala PS" VB #</Process><Process ToolSource="C:\Program Files\ArcGIS\Desktop10.0\ArcToolbox\Toolboxes\Data Management Tools.tbx\CalculateField" Date="20131009" Time="145503">CalculateField AD_PS_Pg MC_UC_PS_N "Walallawita PS" VB #</Process><Process ToolSource="C:\Program Files\ArcGIS\Desktop10.0\ArcToolbox\Toolboxes\Data Management Tools.tbx\CalculateField" Date="20131009" Time="145955">CalculateField AD_PS_Pg MC_UC_PS_N "Kalutara PS" VB #</Process><Process ToolSource="C:\Program Files\ArcGIS\Desktop10.0\ArcToolbox\Toolboxes\Data Management Tools.tbx\CalculateField" Date="20131013" Time="094912">CalculateField AD_PS_Pg WARD_No "" VB #</Process><Process ToolSource="C:\Program Files\ArcGIS\Desktop10.0\ArcToolbox\Toolboxes\Data Management Tools.tbx\CalculateField" Date="20131013" Time="094935">CalculateField AD_PS_Pg WARD_No "NULL" VB #</Process><Process ToolSource="C:\Program Files\ArcGIS\Desktop10.0\ArcToolbox\Toolboxes\Data Management Tools.tbx\FeatureToPoint" Date="20131017" Time="105704">FeatureToPoint AD_PS_Pg D:\NDC\NDC\Kalutara\Kalutara.mdb\Admin_Boundary\AD_PS_Pg_point INSIDE</Process><Process ToolSource="C:\Program Files\ArcGIS\ArcToolbox\Toolboxes\Data Management Tools.tbx\FeatureToPolygon" Date="20131024" Time="092526">FeatureToPolygon D:\NDC\Kaluthara\Kalutara.mdb\Admin_Boundary\AD_PS_Pg_Line D:\NDC\Kaluthara\Kalutara.mdb\Admin_Boundary\AD_PS_Pg_new # ATTRIBUTES D:\NDC\Kaluthara\Kalutara.mdb\Admin_Boundary\AD_PS_Pg_point</Process><Process ToolSource="C:\Program Files\ArcGIS\Desktop10.0\ArcToolbox\Toolboxes\Data Management Tools.tbx\DeleteFeatures" Date="20131030" Time="155517">DeleteFeatures E:\NCD\Datadriven_Maps\Trico\Trico.mdb\Admin_Boundary\AD_PS_Pg</Process><Process ToolSource="C:\Program Files\ArcGIS\Desktop10.0\ArcToolbox\Toolboxes\Data Management Tools.tbx\DeleteFeatures" Date="20131030" Time="155618">DeleteFeatures E:\NCD\Datadriven_Maps\Trico\Trico.mdb\Admin_Boundary\AD_PS_Pg</Process><Process ToolSource="C:\Program Files\ArcGIS\Desktop10.0\ArcToolbox\Toolboxes\Data Management Tools.tbx\DeleteFeatures" Date="20131030" Time="155708">DeleteFeatures E:\NCD\Datadriven_Maps\Trico\Trico.mdb\Admin_Boundary\AD_PS_Pg</Process><Process ToolSource="C:\Program Files\ArcGIS\Desktop10.0\ArcToolbox\Toolboxes\Data Management Tools.tbx\CalculateField" Date="20131031" Time="114553">CalculateField AD_PS_Pg MC_UC_PS_N !MC_UC_PS_N!..replace("PS","Pradeshiya Sabha") PYTHON_9.3 #</Process><Process ToolSource="C:\Program Files\ArcGIS\Desktop10.0\ArcToolbox\Toolboxes\Data Management Tools.tbx\CalculateField" Date="20131031" Time="120335">CalculateField AD_PS_Pg MC_UC_PS_N !MC_UC_PS_N!.replace( "PS", "Pradeshiya Sabha") PYTHON_9.3 #</Process><Process ToolSource="C:\Program Files\ArcGIS\Desktop10.0\ArcToolbox\Toolboxes\Data Management Tools.tbx\DeleteFeatures" Date="20131105" Time="162832">DeleteFeatures E:\NCD\Datadriven_Maps\Ampara\Ampara.mdb\Admin_Boundary\AD_PS_Pg</Process><Process ToolSource="c:\program files (x86)\arcgis\desktop10.1\ArcToolbox\Toolboxes\Conversion Tools.tbx\FeatureClassToFeatureClass" Date="20140426" Time="104429">FeatureClassToFeatureClass E:\TDB_GIS\GIS_Projeccts\2014_Projects\NDC_Final_2014\Ampara.mdb\Admin_Boundary\AD_PS_Pg E:\TDB_GIS\GIS_Projeccts\2014_Projects\AD_PS_Pg Ampara.shp # "PROVINCE_N "PROVINCE_N" true true false 30 Text 0 0 ,First,#,E:\TDB_GIS\GIS_Projeccts\2014_Projects\NDC_Final_2014\Ampara.mdb\Admin_Boundary\AD_PS_Pg,PROVINCE_N,-1,-1;PROVINCE_C "PROVINCE_C" true true false 1 Text 0 0 ,First,#,E:\TDB_GIS\GIS_Projeccts\2014_Projects\NDC_Final_2014\Ampara.mdb\Admin_Boundary\AD_PS_Pg,PROVINCE_C,-1,-1;DISTRICT_N "DISTRICT_N" true true false 30 Text 0 0 ,First,#,E:\TDB_GIS\GIS_Projeccts\2014_Projects\NDC_Final_2014\Ampara.mdb\Admin_Boundary\AD_PS_Pg,DISTRICT_N,-1,-1;DISTRICT_C "DISTRICT_C" true true false 1 Text 0 0 ,First,#,E:\TDB_GIS\GIS_Projeccts\2014_Projects\NDC_Final_2014\Ampara.mdb\Admin_Boundary\AD_PS_Pg,DISTRICT_C,-1,-1;DSD_N "DSD_N" true true false 50 Text 0 0 ,First,#,E:\TDB_GIS\GIS_Projeccts\2014_Projects\NDC_Final_2014\Ampara.mdb\Admin_Boundary\AD_PS_Pg,DSD_N,-1,-1;DSD_C "DSD_C" true true false 2 Text 0 0 ,First,#,E:\TDB_GIS\GIS_Projeccts\2014_Projects\NDC_Final_2014\Ampara.mdb\Admin_Boundary\AD_PS_Pg,DSD_C,-1,-1;GND_NO "GND_NO" true true false 10 Text 0 0 ,First,#,E:\TDB_GIS\GIS_Projeccts\2014_Projects\NDC_Final_2014\Ampara.mdb\Admin_Boundary\AD_PS_Pg,GND_NO,-1,-1;GND_N "GND_N" true true false 50 Text 0 0 ,First,#,E:\TDB_GIS\GIS_Projeccts\2014_Projects\NDC_Final_2014\Ampara.mdb\Admin_Boundary\AD_PS_Pg,GND_N,-1,-1;GND_C "GND_C" true true false 3 Text 0 0 ,First,#,E:\TDB_GIS\GIS_Projeccts\2014_Projects\NDC_Final_2014\Ampara.mdb\Admin_Boundary\AD_PS_Pg,GND_C,-1,-1;MC_UC_PS_N "MC_UC_PS_N" true true false 50 Text 0 0 ,First,#,E:\TDB_GIS\GIS_Projeccts\2014_Projects\NDC_Final_2014\Ampara.mdb\Admin_Boundary\AD_PS_Pg,MC_UC_PS_N,-1,-1;MC_UC_PS_C "MC_UC_PS_C" true true false 10 Text 0 0 ,First,#,E:\TDB_GIS\GIS_Projeccts\2014_Projects\NDC_Final_2014\Ampara.mdb\Admin_Boundary\AD_PS_Pg,MC_UC_PS_C,-1,-1;POLLI_DV_N "POLLI_DV_N" true true false 50 Text 0 0 ,First,#,E:\TDB_GIS\GIS_Projeccts\2014_Projects\NDC_Final_2014\Ampara.mdb\Admin_Boundary\AD_PS_Pg,POLLI_DV_N,-1,-1;POLLI_DV_C "POLLI_DV_C" true true false 10 Text 0 0 ,First,#,E:\TDB_GIS\GIS_Projeccts\2014_Projects\NDC_Final_2014\Ampara.mdb\Admin_Boundary\AD_PS_Pg,POLLI_DV_C,-1,-1;SECTOR_N "SECTOR_N" true true false 50 Text 0 0 ,First,#,E:\TDB_GIS\GIS_Projeccts\2014_Projects\NDC_Final_2014\Ampara.mdb\Admin_Boundary\AD_PS_Pg,SECTOR_N,-1,-1;SECTOR_C "SECTOR_C" true true false 10 Text 0 0 ,First,#,E:\TDB_GIS\GIS_Projeccts\2014_Projects\NDC_Final_2014\Ampara.mdb\Admin_Boundary\AD_PS_Pg,SECTOR_C,-1,-1;AREA "AREA" true true false 8 Double 0 0 ,First,#,E:\TDB_GIS\GIS_Projeccts\2014_Projects\NDC_Final_2014\Ampara.mdb\Admin_Boundary\AD_PS_Pg,AREA,-1,-1;GN_UID "GN_UID" true true false 7 Text 0 0 ,First,#,E:\TDB_GIS\GIS_Projeccts\2014_Projects\NDC_Final_2014\Ampara.mdb\Admin_Boundary\AD_PS_Pg,GN_UID,-1,-1;Multi_Seat "Multi_Seat" true true false 2 Short 0 0 ,First,#,E:\TDB_GIS\GIS_Projeccts\2014_Projects\NDC_Final_2014\Ampara.mdb\Admin_Boundary\AD_PS_Pg,Multi_Seats,-1,-1;WARD_Name "WARD_Name" true true false 50 Text 0 0 ,First,#,E:\TDB_GIS\GIS_Projeccts\2014_Projects\NDC_Final_2014\Ampara.mdb\Admin_Boundary\AD_PS_Pg,WARD_Name,-1,-1;WARD_No "WARD_No" true true false 2 Short 0 0 ,First,#,E:\TDB_GIS\GIS_Projeccts\2014_Projects\NDC_Final_2014\Ampara.mdb\Admin_Boundary\AD_PS_Pg,WARD_No,-1,-1;ORIG_FID "ORIG_FID" true true false 4 Long 0 0 ,First,#,E:\TDB_GIS\GIS_Projeccts\2014_Projects\NDC_Final_2014\Ampara.mdb\Admin_Boundary\AD_PS_Pg,ORIG_FID,-1,-1;Shape_Leng "Shape_Length" false true true 8 Double 0 0 ,First,#,E:\TDB_GIS\GIS_Projeccts\2014_Projects\NDC_Final_2014\Ampara.mdb\Admin_Boundary\AD_PS_Pg,Shape_Length,-1,-1;Shape_Area "Shape_Area" false true true 8 Double 0 0 ,First,#,E:\TDB_GIS\GIS_Projeccts\2014_Projects\NDC_Final_2014\Ampara.mdb\Admin_Boundary\AD_PS_Pg,Shape_Area,-1,-1" #</Process><Process ToolSource="c:\program files (x86)\arcgis\desktop10.1\ArcToolbox\Toolboxes\Conversion Tools.tbx\FeatureClassToFeatureClass" Date="20140426" Time="104636">FeatureClassToFeatureClass E:\TDB_GIS\GIS_Projeccts\2014_Projects\AD_PS_Pg\Ampara.shp E:\TDB_GIS\GIS_Projeccts\2014_Projects\NDC_Final_2014\10K_admin.mdb\Working_Personal_dataset AD_PS_Pg # "PROVINCE_N "PROVINCE_N" true true false 30 Text 0 0 ,First,#,E:\TDB_GIS\GIS_Projeccts\2014_Projects\AD_PS_Pg\Ampara.shp,PROVINCE_N,-1,-1;PROVINCE_C "PROVINCE_C" true true false 1 Text 0 0 ,First,#,E:\TDB_GIS\GIS_Projeccts\2014_Projects\AD_PS_Pg\Ampara.shp,PROVINCE_C,-1,-1;DISTRICT_N "DISTRICT_N" true true false 30 Text 0 0 ,First,#,E:\TDB_GIS\GIS_Projeccts\2014_Projects\AD_PS_Pg\Ampara.shp,DISTRICT_N,-1,-1;DISTRICT_C "DISTRICT_C" true true false 1 Text 0 0 ,First,#,E:\TDB_GIS\GIS_Projeccts\2014_Projects\AD_PS_Pg\Ampara.shp,DISTRICT_C,-1,-1;DSD_N "DSD_N" true true false 50 Text 0 0 ,First,#,E:\TDB_GIS\GIS_Projeccts\2014_Projects\AD_PS_Pg\Ampara.shp,DSD_N,-1,-1;DSD_C "DSD_C" true true false 2 Text 0 0 ,First,#,E:\TDB_GIS\GIS_Projeccts\2014_Projects\AD_PS_Pg\Ampara.shp,DSD_C,-1,-1;GND_NO "GND_NO" true true false 10 Text 0 0 ,First,#,E:\TDB_GIS\GIS_Projeccts\2014_Projects\AD_PS_Pg\Ampara.shp,GND_NO,-1,-1;GND_N "GND_N" true true false 50 Text 0 0 ,First,#,E:\TDB_GIS\GIS_Projeccts\2014_Projects\AD_PS_Pg\Ampara.shp,GND_N,-1,-1;GND_C "GND_C" true true false 3 Text 0 0 ,First,#,E:\TDB_GIS\GIS_Projeccts\2014_Projects\AD_PS_Pg\Ampara.shp,GND_C,-1,-1;MC_UC_PS_N "MC_UC_PS_N" true true false 50 Text 0 0 ,First,#,E:\TDB_GIS\GIS_Projeccts\2014_Projects\AD_PS_Pg\Ampara.shp,MC_UC_PS_N,-1,-1;MC_UC_PS_C "MC_UC_PS_C" true true false 10 Text 0 0 ,First,#,E:\TDB_GIS\GIS_Projeccts\2014_Projects\AD_PS_Pg\Ampara.shp,MC_UC_PS_C,-1,-1;POLLI_DV_N "POLLI_DV_N" true true false 50 Text 0 0 ,First,#,E:\TDB_GIS\GIS_Projeccts\2014_Projects\AD_PS_Pg\Ampara.shp,POLLI_DV_N,-1,-1;POLLI_DV_C "POLLI_DV_C" true true false 10 Text 0 0 ,First,#,E:\TDB_GIS\GIS_Projeccts\2014_Projects\AD_PS_Pg\Ampara.shp,POLLI_DV_C,-1,-1;SECTOR_N "SECTOR_N" true true false 50 Text 0 0 ,First,#,E:\TDB_GIS\GIS_Projeccts\2014_Projects\AD_PS_Pg\Ampara.shp,SECTOR_N,-1,-1;SECTOR_C "SECTOR_C" true true false 10 Text 0 0 ,First,#,E:\TDB_GIS\GIS_Projeccts\2014_Projects\AD_PS_Pg\Ampara.shp,SECTOR_C,-1,-1;AREA "AREA" true true false 19 Double 0 0 ,First,#,E:\TDB_GIS\GIS_Projeccts\2014_Projects\AD_PS_Pg\Ampara.shp,AREA,-1,-1;GN_UID "GN_UID" true true false 7 Text 0 0 ,First,#,E:\TDB_GIS\GIS_Projeccts\2014_Projects\AD_PS_Pg\Ampara.shp,GN_UID,-1,-1;Multi_Seat "Multi_Seat" true true false 4 Short 0 4 ,First,#,E:\TDB_GIS\GIS_Projeccts\2014_Projects\AD_PS_Pg\Ampara.shp,Multi_Seat,-1,-1;WARD_Name "WARD_Name" true true false 50 Text 0 0 ,First,#,E:\TDB_GIS\GIS_Projeccts\2014_Projects\AD_PS_Pg\Ampara.shp,WARD_Name,-1,-1;WARD_No "WARD_No" true true false 4 Short 0 4 ,First,#,E:\TDB_GIS\GIS_Projeccts\2014_Projects\AD_PS_Pg\Ampara.shp,WARD_No,-1,-1;ORIG_FID "ORIG_FID" true true false 9 Long 0 9 ,First,#,E:\TDB_GIS\GIS_Projeccts\2014_Projects\AD_PS_Pg\Ampara.shp,ORIG_FID,-1,-1;Shape_Leng "Shape_Leng" true true false 19 Double 0 0 ,First,#,E:\TDB_GIS\GIS_Projeccts\2014_Projects\AD_PS_Pg\Ampara.shp,Shape_Leng,-1,-1;Shape_Area "Shape_Area" true true false 19 Double 0 0 ,First,#,E:\TDB_GIS\GIS_Projeccts\2014_Projects\AD_PS_Pg\Ampara.shp,Shape_Area,-1,-1" #</Process><Process ToolSource="c:\program files\arcgis\desktop10.2\ArcToolbox\Toolboxes\Data Management Tools.tbx\CalculateField" Date="20140630" Time="085123">CalculateField AD_GN_Pg_NDC PROVINCE_N " EASTERN " VB #</Process><Process ToolSource="c:\program files\arcgis\desktop10.2\ArcToolbox\Toolboxes\Data Management Tools.tbx\CalculateField" Date="20140630" Time="085251">CalculateField AD_GN_Pg_NDC DISTRICT_N " AMPARA " VB #</Process><Process ToolSource="c:\program files\arcgis\desktop10.2\ArcToolbox\Toolboxes\Data Management Tools.tbx\CalculateField" Date="20140630" Time="085930">CalculateField AD_GN_Pg_NDC PROVINCE_N " NORTHERN " VB #</Process><Process ToolSource="c:\program files\arcgis\desktop10.2\ArcToolbox\Toolboxes\Data Management Tools.tbx\CalculateField" Date="20140630" Time="085953">CalculateField AD_GN_Pg_NDC DISTRICT_N " JAFFNA " VB #</Process><Process ToolSource="c:\program files\arcgis\desktop10.2\ArcToolbox\Toolboxes\Data Management Tools.tbx\CalculateField" Date="20140630" Time="090612">CalculateField AD_GN_Pg_NDC PROVINCE_N " CENTRAL " VB #</Process><Process ToolSource="c:\program files\arcgis\desktop10.2\ArcToolbox\Toolboxes\Data Management Tools.tbx\CalculateField" Date="20140630" Time="090920">CalculateField AD_GN_Pg_NDC PROVINCE_N " EASTERN " VB #</Process><Process ToolSource="c:\program files\arcgis\desktop10.2\ArcToolbox\Toolboxes\Data Management Tools.tbx\CalculateField" Date="20140630" Time="091536">CalculateField AD_GN_Pg_NDC PROVINCE_N " NORTH CENTRAL " VB #</Process><Process ToolSource="c:\program files\arcgis\desktop10.2\ArcToolbox\Toolboxes\Data Management Tools.tbx\CalculateField" Date="20140630" Time="091843">CalculateField AD_GN_Pg_NDC PROVINCE_N " NORTH WESTERN " VB #</Process><Process ToolSource="c:\program files\arcgis\desktop10.2\ArcToolbox\Toolboxes\Data Management Tools.tbx\CalculateField" Date="20140630" Time="092008">CalculateField AD_GN_Pg_NDC PROVINCE_N " NORTHERN " VB #</Process><Process ToolSource="c:\program files\arcgis\desktop10.2\ArcToolbox\Toolboxes\Data Management Tools.tbx\CalculateField" Date="20140630" Time="092112">CalculateField AD_GN_Pg_NDC PROVINCE_N " SABARAGAMUWA " VB #</Process><Process ToolSource="c:\program files\arcgis\desktop10.2\ArcToolbox\Toolboxes\Data Management Tools.tbx\CalculateField" Date="20140630" Time="092200">CalculateField AD_GN_Pg_NDC PROVINCE_N " SABARAGAMUWA " VB #</Process><Process ToolSource="c:\program files\arcgis\desktop10.2\ArcToolbox\Toolboxes\Data Management Tools.tbx\CalculateField" Date="20140630" Time="092304">CalculateField AD_GN_Pg_NDC PROVINCE_N " SOUTHERN " VB #</Process><Process ToolSource="c:\program files\arcgis\desktop10.2\ArcToolbox\Toolboxes\Data Management Tools.tbx\CalculateField" Date="20140630" Time="092459">CalculateField AD_GN_Pg_NDC PROVINCE_N " UVA " VB #</Process><Process ToolSource="c:\program files\arcgis\desktop10.2\ArcToolbox\Toolboxes\Data Management Tools.tbx\CalculateField" Date="20140630" Time="092559">CalculateField AD_GN_Pg_NDC PROVINCE_N " WESTERN " VB #</Process><Process ToolSource="c:\program files\arcgis\desktop10.2\ArcToolbox\Toolboxes\Data Management Tools.tbx\CalculateField" Date="20140630" Time="093519">CalculateField AD_GN_Pg_NDC DISTRICT_N " ANURADHAPURA " VB #</Process><Process ToolSource="c:\program files\arcgis\desktop10.2\ArcToolbox\Toolboxes\Data Management Tools.tbx\CalculateField" Date="20140630" Time="093752">CalculateField AD_GN_Pg_NDC DISTRICT_N " BADULLA " VB #</Process><Process ToolSource="c:\program files\arcgis\desktop10.2\ArcToolbox\Toolboxes\Data Management Tools.tbx\CalculateField" Date="20140630" Time="093935">CalculateField AD_GN_Pg_NDC DISTRICT_N " BATTICALOA " VB #</Process><Process ToolSource="c:\program files\arcgis\desktop10.2\ArcToolbox\Toolboxes\Data Management Tools.tbx\CalculateField" Date="20140630" Time="094331">CalculateField AD_GN_Pg_NDC DISTRICT_N "!DISTRICT_N! .title()" PYTHON_9.3 #</Process><Process ToolSource="c:\program files\arcgis\desktop10.2\ArcToolbox\Toolboxes\Data Management Tools.tbx\CalculateField" Date="20140630" Time="094707">CalculateField AD_GN_Pg_NDC DISTRICT_N " AMPARA" VB #</Process><Process ToolSource="c:\program files\arcgis\desktop10.2\ArcToolbox\Toolboxes\Data Management Tools.tbx\CalculateField" Date="20140630" Time="102918">CalculateField AD_GN_Pg_NDC DISTRICT_N UCase( [DISTRICT_N] ) VB #</Process><Process ToolSource="c:\program files\arcgis\desktop10.2\ArcToolbox\Toolboxes\Data Management Tools.tbx\DeleteIdentical" Date="20140630" Time="110945">DeleteIdentical AD_GN_Pg_NDC Shape_Area # 0</Process><Process ToolSource="c:\program files (x86)\arcgis\desktop10.1\ArcToolbox\Toolboxes\Data Management Tools.tbx\CalculateField" Date="20140630" Time="114657">CalculateField AD_GN_Pg_NDC DISTRICT_N "ANURADHAPURA" VB #</Process><Process ToolSource="c:\program files (x86)\arcgis\desktop10.1\ArcToolbox\Toolboxes\Data Management Tools.tbx\CalculateField" Date="20140630" Time="114813">CalculateField AD_GN_Pg_NDC DISTRICT_N "BADULLA" VB #</Process><Process ToolSource="c:\program files (x86)\arcgis\desktop10.1\ArcToolbox\Toolboxes\Data Management Tools.tbx\CalculateField" Date="20140630" Time="115121">CalculateField AD_GN_Pg_NDC DISTRICT_N "JAFFNA" VB #</Process><Process ToolSource="c:\program files (x86)\arcgis\desktop10.1\ArcToolbox\Toolboxes\Data Management Tools.tbx\CalculateField" Date="20140630" Time="115213">CalculateField AD_GN_Pg_NDC DISTRICT_N "COLOMBO" VB #</Process><Process ToolSource="c:\program files (x86)\arcgis\desktop10.1\ArcToolbox\Toolboxes\Data Management Tools.tbx\CalculateField" Date="20140630" Time="115423">CalculateField AD_GN_Pg_NDC DISTRICT_N "AMPARA" VB #</Process><Process ToolSource="c:\program files (x86)\arcgis\desktop10.1\ArcToolbox\Toolboxes\Data Management Tools.tbx\CalculateField" Date="20140630" Time="115728">CalculateField AD_GN_Pg_NDC DISTRICT_N "BATTICALOA" VB #</Process><Process ToolSource="c:\program files (x86)\arcgis\desktop10.1\ArcToolbox\Toolboxes\Data Management Tools.tbx\CalculateField" Date="20140630" Time="115810">CalculateField AD_GN_Pg_NDC DISTRICT_N "GALLE" VB #</Process><Process ToolSource="c:\program files (x86)\arcgis\desktop10.1\ArcToolbox\Toolboxes\Data Management Tools.tbx\CalculateField" Date="20140630" Time="115850">CalculateField AD_GN_Pg_NDC DISTRICT_N "HAMBANTOTA" VB #</Process><Process ToolSource="c:\program files (x86)\arcgis\desktop10.1\ArcToolbox\Toolboxes\Data Management Tools.tbx\CalculateField" Date="20140630" Time="115943">CalculateField AD_GN_Pg_NDC DISTRICT_N "KANDY" VB #</Process><Process ToolSource="c:\program files (x86)\arcgis\desktop10.1\ArcToolbox\Toolboxes\Data Management Tools.tbx\CalculateField" Date="20140630" Time="120022">CalculateField AD_GN_Pg_NDC DISTRICT_N "KEGALLE" VB #</Process><Process ToolSource="c:\program files (x86)\arcgis\desktop10.1\ArcToolbox\Toolboxes\Data Management Tools.tbx\CalculateField" Date="20140630" Time="120100">CalculateField AD_GN_Pg_NDC DISTRICT_N "KILINOCHCHI" VB #</Process><Process ToolSource="c:\program files (x86)\arcgis\desktop10.1\ArcToolbox\Toolboxes\Data Management Tools.tbx\CalculateField" Date="20140630" Time="120145">CalculateField AD_GN_Pg_NDC DISTRICT_N "KURUNEGALA" VB #</Process><Process ToolSource="c:\program files (x86)\arcgis\desktop10.1\ArcToolbox\Toolboxes\Data Management Tools.tbx\CalculateField" Date="20140630" Time="120307">CalculateField AD_GN_Pg_NDC DISTRICT_N "MANNAR" VB #</Process><Process ToolSource="c:\program files (x86)\arcgis\desktop10.1\ArcToolbox\Toolboxes\Data Management Tools.tbx\CalculateField" Date="20140630" Time="120347">CalculateField AD_GN_Pg_NDC DISTRICT_N "MATALE" VB #</Process><Process ToolSource="c:\program files (x86)\arcgis\desktop10.1\ArcToolbox\Toolboxes\Data Management Tools.tbx\CalculateField" Date="20140630" Time="120424">CalculateField AD_GN_Pg_NDC DISTRICT_N "MATARA" VB #</Process><Process ToolSource="c:\program files (x86)\arcgis\desktop10.1\ArcToolbox\Toolboxes\Data Management Tools.tbx\CalculateField" Date="20140630" Time="120516">CalculateField AD_GN_Pg_NDC DISTRICT_N "MONERAGALA" VB #</Process><Process ToolSource="c:\program files (x86)\arcgis\desktop10.1\ArcToolbox\Toolboxes\Data Management Tools.tbx\CalculateField" Date="20140630" Time="120601">CalculateField AD_GN_Pg_NDC DISTRICT_N "MULLAITIVU" VB #</Process><Process ToolSource="c:\program files (x86)\arcgis\desktop10.1\ArcToolbox\Toolboxes\Data Management Tools.tbx\CalculateField" Date="20140630" Time="120640">CalculateField AD_GN_Pg_NDC DISTRICT_N "NUWARA ELIYA" VB #</Process><Process ToolSource="c:\program files (x86)\arcgis\desktop10.1\ArcToolbox\Toolboxes\Data Management Tools.tbx\CalculateField" Date="20140630" Time="125509">CalculateField AD_GN_Pg_NDC DISTRICT_N "POLONNARUWA" VB #</Process><Process ToolSource="c:\program files (x86)\arcgis\desktop10.1\ArcToolbox\Toolboxes\Data Management Tools.tbx\CalculateField" Date="20140630" Time="125615">CalculateField AD_GN_Pg_NDC DISTRICT_N "PUTTALAM" VB #</Process><Process ToolSource="c:\program files (x86)\arcgis\desktop10.1\ArcToolbox\Toolboxes\Data Management Tools.tbx\CalculateField" Date="20140630" Time="125656">CalculateField AD_GN_Pg_NDC DISTRICT_N "RATNAPURA" VB #</Process><Process ToolSource="c:\program files (x86)\arcgis\desktop10.1\ArcToolbox\Toolboxes\Data Management Tools.tbx\CalculateField" Date="20140630" Time="125734">CalculateField AD_GN_Pg_NDC DISTRICT_N "TRINCOMALEE" VB #</Process><Process ToolSource="c:\program files (x86)\arcgis\desktop10.1\ArcToolbox\Toolboxes\Data Management Tools.tbx\CalculateField" Date="20140630" Time="125806">CalculateField AD_GN_Pg_NDC DISTRICT_N "VAVUNIYA" VB #</Process><Process ToolSource="c:\program files (x86)\arcgis\desktop10.1\ArcToolbox\Toolboxes\Data Management Tools.tbx\CalculateField" Date="20140630" Time="130803">CalculateField AD_GN_Pg_NDC DISTRICT_N "COLOMBO" VB #</Process><Process ToolSource="c:\program files (x86)\arcgis\desktop10.1\ArcToolbox\Toolboxes\Data Management Tools.tbx\CalculateField" Date="20140630" Time="130821">CalculateField AD_GN_Pg_NDC PROVINCE_N "WESTERN" VB #</Process><Process ToolSource="c:\program files (x86)\arcgis\desktop10.1\ArcToolbox\Toolboxes\Data Management Tools.tbx\CalculateField" Date="20140630" Time="130845">CalculateField AD_GN_Pg_NDC PROVINCE_N "WESTERN" VB #</Process><Process ToolSource="c:\program files (x86)\arcgis\desktop10.1\ArcToolbox\Toolboxes\Data Management Tools.tbx\CalculateField" Date="20140630" Time="130859">CalculateField AD_GN_Pg_NDC DISTRICT_N "COLOMBO" VB #</Process><Process ToolSource="c:\program files (x86)\arcgis\desktop10.1\ArcToolbox\Toolboxes\Data Management Tools.tbx\CalculateField" Date="20140630" Time="131502">CalculateField AD_GN_Pg_NDC DISTRICT_N " JAFFNA" VB #</Process><Process ToolSource="c:\program files (x86)\arcgis\desktop10.1\ArcToolbox\Toolboxes\Data Management Tools.tbx\CalculateField" Date="20140630" Time="131738">CalculateField AD_GN_Pg_NDC DISTRICT_N "JAFFNA" VB #</Process><Process ToolSource="c:\program files (x86)\arcgis\desktop10.1\ArcToolbox\Toolboxes\Data Management Tools.tbx\CalculateField" Date="20140630" Time="131924">CalculateField AD_GN_Pg_NDC DISTRICT_N " JAFFNA" VB #</Process><Process ToolSource="c:\program files (x86)\arcgis\desktop10.1\ArcToolbox\Toolboxes\Data Management Tools.tbx\CalculateField" Date="20140630" Time="132058">CalculateField AD_GN_Pg_NDC DISTRICT_N " JAFFNA " VB #</Process><Process ToolSource="c:\program files\arcgis\desktop10.2\ArcToolbox\Toolboxes\Data Management Tools.tbx\CalculateField" Date="20140630" Time="133912">CalculateField AD_GN_Pg_NDC DSD_N UCase( [DSD_N] ) VB #</Process><Process ToolSource="c:\program files\arcgis\desktop10.2\ArcToolbox\Toolboxes\Data Management Tools.tbx\CalculateField" Date="20140630" Time="134405">CalculateField AD_GN_Pg_NDC DSD_N "AMPARA" VB #</Process><Process ToolSource="c:\program files\arcgis\desktop10.2\ArcToolbox\Toolboxes\Data Management Tools.tbx\CalculateField" Date="20140630" Time="134431">CalculateField AD_GN_Pg_NDC DSD_N "AMPARA" VB #</Process><Process ToolSource="c:\program files\arcgis\desktop10.2\ArcToolbox\Toolboxes\Data Management Tools.tbx\CalculateField" Date="20140630" Time="134513">CalculateField AD_GN_Pg_NDC DSD_N "UHANA" VB #</Process><Process ToolSource="c:\program files\arcgis\desktop10.2\ArcToolbox\Toolboxes\Data Management Tools.tbx\CalculateField" Date="20140630" Time="134539">CalculateField AD_GN_Pg_NDC DSD_N "UHANA" VB #</Process><Process ToolSource="c:\program files\arcgis\desktop10.2\ArcToolbox\Toolboxes\Data Management Tools.tbx\CalculateField" Date="20140630" Time="134604">CalculateField AD_GN_Pg_NDC DSD_N "UHANA" VB #</Process><Process ToolSource="c:\program files\arcgis\desktop10.2\ArcToolbox\Toolboxes\Data Management Tools.tbx\CalculateField" Date="20140630" Time="134853">CalculateField AD_GN_Pg_NDC DSD_N "POTHUVIL" VB #</Process><Process ToolSource="c:\program files\arcgis\desktop10.2\ArcToolbox\Toolboxes\Data Management Tools.tbx\CalculateField" Date="20140630" Time="134918">CalculateField AD_GN_Pg_NDC DSD_N "POTHUVIL" VB #</Process><Process ToolSource="c:\program files\arcgis\desktop10.2\ArcToolbox\Toolboxes\Data Management Tools.tbx\CalculateField" Date="20140630" Time="135042">CalculateField AD_GN_Pg_NDC DSD_N "THIRUKKOVIL" VB #</Process><Process ToolSource="c:\program files\arcgis\desktop10.2\ArcToolbox\Toolboxes\Data Management Tools.tbx\CalculateField" Date="20140630" Time="135105">CalculateField AD_GN_Pg_NDC DSD_N "THIRUKKOVIL" VB #</Process><Process ToolSource="c:\program files\arcgis\desktop10.2\ArcToolbox\Toolboxes\Data Management Tools.tbx\CalculateField" Date="20140630" Time="135302">CalculateField AD_GN_Pg_NDC DSD_N "ALAYADIWEMBU" VB #</Process><Process ToolSource="c:\program files\arcgis\desktop10.2\ArcToolbox\Toolboxes\Data Management Tools.tbx\CalculateField" Date="20140630" Time="135357">CalculateField AD_GN_Pg_NDC DSD_N "ALAYADIWEMBU" VB #</Process><Process ToolSource="c:\program files\arcgis\desktop10.2\ArcToolbox\Toolboxes\Data Management Tools.tbx\CalculateField" Date="20140630" Time="140122">CalculateField AD_GN_Pg_NDC DSD_N "ALAYADIWEMBU" VB #</Process><Process ToolSource="c:\program files\arcgis\desktop10.2\ArcToolbox\Toolboxes\Data Management Tools.tbx\CalculateField" Date="20140630" Time="141527">CalculateField AD_GN_Pg_NDC DSD_N "AKKARAIPATTU" VB #</Process><Process ToolSource="c:\program files\arcgis\desktop10.2\ArcToolbox\Toolboxes\Data Management Tools.tbx\CalculateField" Date="20140630" Time="141919">CalculateField AD_GN_Pg_NDC DSD_N "ADDALACHCHENAI" VB #</Process><Process ToolSource="c:\program files\arcgis\desktop10.2\ArcToolbox\Toolboxes\Data Management Tools.tbx\CalculateField" Date="20140630" Time="142024">CalculateField AD_GN_Pg_NDC DSD_N "NINTHAVUR" VB #</Process><Process ToolSource="c:\program files\arcgis\desktop10.2\ArcToolbox\Toolboxes\Data Management Tools.tbx\CalculateField" Date="20140630" Time="143452">CalculateField AD_GN_Pg_NDC DSD_N "SAMANTHURAI" VB #</Process><Process ToolSource="c:\program files\arcgis\desktop10.2\ArcToolbox\Toolboxes\Data Management Tools.tbx\CalculateField" Date="20140630" Time="153302">CalculateField AD_GN_Pg_NDC DISTRICT_N "JAFFNA" VB #</Process><Process ToolSource="c:\program files\arcgis\desktop10.2\ArcToolbox\Toolboxes\Data Management Tools.tbx\CalculateField" Date="20140701" Time="085540">CalculateField AD_GN_Pg_NDC DSD_N "SAINTHAMARATHU" VB #</Process><Process ToolSource="c:\program files\arcgis\desktop10.2\ArcToolbox\Toolboxes\Data Management Tools.tbx\CalculateField" Date="20140701" Time="085756">CalculateField AD_GN_Pg_NDC DSD_N "SAINTHAMARATHU" VB #</Process><Process ToolSource="c:\program files\arcgis\desktop10.2\ArcToolbox\Toolboxes\Data Management Tools.tbx\CalculateField" Date="20140701" Time="091313">CalculateField AD_GN_Pg_NDC DSD_N "NAVINTHANVELI" VB #</Process><Process ToolSource="c:\program files\arcgis\desktop10.2\ArcToolbox\Toolboxes\Data Management Tools.tbx\CalculateField" Date="20140701" Time="091419">CalculateField AD_GN_Pg_NDC DSD_N "NAVINTHANVELI" VB #</Process><Process ToolSource="c:\program files\arcgis\desktop10.2\ArcToolbox\Toolboxes\Data Management Tools.tbx\CalculateField" Date="20140701" Time="091837">CalculateField AD_GN_Pg_NDC DSD_N "KALMUNAI" VB #</Process><Process ToolSource="c:\program files\arcgis\desktop10.2\ArcToolbox\Toolboxes\Data Management Tools.tbx\CalculateField" Date="20140701" Time="092922">CalculateField AD_GN_Pg_NDC DSD_N "KALMUNAI" VB #</Process><Process ToolSource="c:\program files\arcgis\desktop10.2\ArcToolbox\Toolboxes\Data Management Tools.tbx\CalculateField" Date="20140701" Time="093035">CalculateField AD_GN_Pg_NDC DSD_N "ADDALACHCHENAI" VB #</Process><Process ToolSource="c:\program files\arcgis\desktop10.2\ArcToolbox\Toolboxes\Data Management Tools.tbx\CalculateField" Date="20140701" Time="093122">CalculateField AD_GN_Pg_NDC DSD_N "SAMANTHURAI" VB #</Process><Process ToolSource="c:\program files\arcgis\desktop10.2\ArcToolbox\Toolboxes\Data Management Tools.tbx\CalculateField" Date="20140701" Time="093333">CalculateField AD_GN_Pg_NDC DSD_N "MAHAOYA" VB #</Process><Process ToolSource="c:\program files\arcgis\desktop10.2\ArcToolbox\Toolboxes\Data Management Tools.tbx\CalculateField" Date="20140701" Time="093543">CalculateField AD_GN_Pg_NDC DSD_N "AKKARAIPATTU" VB #</Process><Process ToolSource="c:\program files\arcgis\desktop10.2\ArcToolbox\Toolboxes\Data Management Tools.tbx\CalculateField" Date="20140701" Time="094214">CalculateField AD_GN_Pg_NDC DSD_N "ALAYADIWEMBU" VB #</Process><Process ToolSource="c:\program files\arcgis\desktop10.2\ArcToolbox\Toolboxes\Data Management Tools.tbx\CalculateField" Date="20140701" Time="094258">CalculateField AD_GN_Pg_NDC DSD_N "AKKARAIPATTU" VB #</Process><Process ToolSource="c:\program files\arcgis\desktop10.2\ArcToolbox\Toolboxes\Data Management Tools.tbx\CalculateField" Date="20140701" Time="112354">CalculateField AD_GN_Pg_NDC DSD_N "MINUWANGODA" VB #</Process><Process ToolSource="c:\program files\arcgis\desktop10.2\ArcToolbox\Toolboxes\Data Management Tools.tbx\CalculateField" Date="20140701" Time="112755">CalculateField AD_GN_Pg_NDC DSD_N "GAMPAHA" VB #</Process><Process ToolSource="c:\program files\arcgis\desktop10.2\ArcToolbox\Toolboxes\Data Management Tools.tbx\CalculateField" Date="20140701" Time="113109">CalculateField AD_GN_Pg_NDC DSD_N "DOMPE" VB #</Process><Process ToolSource="c:\program files\arcgis\desktop10.2\ArcToolbox\Toolboxes\Data Management Tools.tbx\CalculateField" Date="20140701" Time="113423">CalculateField AD_GN_Pg_NDC PROVINCE_N "SABARAGAMUWA" VB #</Process><Process ToolSource="c:\program files\arcgis\desktop10.2\ArcToolbox\Toolboxes\Data Management Tools.tbx\CalculateField" Date="20140701" Time="113543">CalculateField AD_GN_Pg_NDC DISTRICT_N "KEGALLE" VB #</Process><Process ToolSource="c:\program files\arcgis\desktop10.2\ArcToolbox\Toolboxes\Data Management Tools.tbx\CalculateField" Date="20140701" Time="113907">CalculateField AD_GN_Pg_NDC DSD_N "POINT PEDRO" VB #</Process><Process ToolSource="c:\program files\arcgis\desktop10.2\ArcToolbox\Toolboxes\Data Management Tools.tbx\CalculateField" Date="20140701" Time="114814">CalculateField AD_GN_Pg_NDC DSD_N "PANADURA" VB #</Process><Process ToolSource="c:\program files\arcgis\desktop10.2\ArcToolbox\Toolboxes\Data Management Tools.tbx\CalculateField" Date="20140701" Time="114857">CalculateField AD_GN_Pg_NDC DSD_N "PANADURA" VB #</Process><Process ToolSource="c:\program files\arcgis\desktop10.2\ArcToolbox\Toolboxes\Data Management Tools.tbx\CalculateField" Date="20140701" Time="115428">CalculateField AD_GN_Pg_NDC DSD_N "BANDARAGAMA" VB #</Process><Process ToolSource="c:\program files\arcgis\desktop10.2\ArcToolbox\Toolboxes\Data Management Tools.tbx\CalculateField" Date="20140701" Time="115459">CalculateField AD_GN_Pg_NDC DSD_N "BANDARAGAMA" VB #</Process><Process ToolSource="c:\program files\arcgis\desktop10.2\ArcToolbox\Toolboxes\Data Management Tools.tbx\CalculateField" Date="20140701" Time="121049">CalculateField AD_GN_Pg_NDC DSD_N "KALUTARA" VB #</Process><Process ToolSource="c:\program files\arcgis\desktop10.2\ArcToolbox\Toolboxes\Data Management Tools.tbx\CalculateField" Date="20140701" Time="121148">CalculateField AD_GN_Pg_NDC DSD_N "KALUTARA" VB #</Process><Process ToolSource="c:\program files\arcgis\desktop10.2\ArcToolbox\Toolboxes\Data Management Tools.tbx\CalculateField" Date="20140701" Time="121224">CalculateField AD_GN_Pg_NDC DSD_N "KALUTARA" VB #</Process><Process ToolSource="c:\program files\arcgis\desktop10.2\ArcToolbox\Toolboxes\Data Management Tools.tbx\CalculateField" Date="20140701" Time="121730">CalculateField AD_GN_Pg_NDC DSD_N "HORANA" VB #</Process><Process ToolSource="c:\program files\arcgis\desktop10.2\ArcToolbox\Toolboxes\Data Management Tools.tbx\CalculateField" Date="20140701" Time="121750">CalculateField AD_GN_Pg_NDC DSD_N "HORANA" VB #</Process><Process ToolSource="c:\program files\arcgis\desktop10.2\ArcToolbox\Toolboxes\Data Management Tools.tbx\CalculateField" Date="20140701" Time="121957">CalculateField AD_GN_Pg_NDC DSD_N "HORANA" VB #</Process><Process ToolSource="c:\program files\arcgis\desktop10.2\ArcToolbox\Toolboxes\Data Management Tools.tbx\CalculateField" Date="20140701" Time="124540">CalculateField AD_GN_Pg_NDC DSD_N "MILLANIYA" VB #</Process><Process ToolSource="c:\program files\arcgis\desktop10.2\ArcToolbox\Toolboxes\Data Management Tools.tbx\CalculateField" Date="20140701" Time="124603">CalculateField AD_GN_Pg_NDC DSD_N "MILLANIYA" VB #</Process><Process ToolSource="c:\program files\arcgis\desktop10.2\ArcToolbox\Toolboxes\Data Management Tools.tbx\CalculateField" Date="20140701" Time="132313">CalculateField AD_GN_Pg_NDC DSD_N "INGIRIYA" VB #</Process><Process ToolSource="c:\program files\arcgis\desktop10.2\ArcToolbox\Toolboxes\Data Management Tools.tbx\CalculateField" Date="20140701" Time="133752">CalculateField AD_GN_Pg_NDC DSD_N "MADURAWALA" VB #</Process><Process ToolSource="c:\program files\arcgis\desktop10.2\ArcToolbox\Toolboxes\Data Management Tools.tbx\CalculateField" Date="20140701" Time="141429">CalculateField AD_GN_Pg_NDC DSD_N "MADURAWALA" VB #</Process><Process ToolSource="c:\program files\arcgis\desktop10.2\ArcToolbox\Toolboxes\Data Management Tools.tbx\CalculateField" Date="20140701" Time="142923">CalculateField AD_GN_Pg_NDC DSD_N "DODANGODA" VB #</Process><Process ToolSource="c:\program files\arcgis\desktop10.2\ArcToolbox\Toolboxes\Data Management Tools.tbx\CalculateField" Date="20140701" Time="143026">CalculateField AD_GN_Pg_NDC DSD_N "DODANGODA" VB #</Process><Process ToolSource="c:\program files\arcgis\desktop10.2\ArcToolbox\Toolboxes\Data Management Tools.tbx\CalculateField" Date="20140701" Time="150835">CalculateField AD_GN_Pg_NDC DSD_N "BERUWALA" VB #</Process><Process ToolSource="c:\program files\arcgis\desktop10.2\ArcToolbox\Toolboxes\Data Management Tools.tbx\CalculateField" Date="20140701" Time="154108">CalculateField AD_GN_Pg_NDC DSD_N "BERUWALA" VB #</Process><Process ToolSource="c:\program files\arcgis\desktop10.2\ArcToolbox\Toolboxes\Data Management Tools.tbx\CalculateField" Date="20140701" Time="154701">CalculateField AD_GN_Pg_NDC DSD_N "BULATHSINHALA" VB #</Process><Process ToolSource="c:\program files\arcgis\desktop10.2\ArcToolbox\Toolboxes\Data Management Tools.tbx\CalculateField" Date="20140701" Time="154916">CalculateField AD_GN_Pg_NDC DSD_N "BULATHSINHALA" VB #</Process><Process ToolSource="c:\program files\arcgis\desktop10.2\ArcToolbox\Toolboxes\Data Management Tools.tbx\CalculateField" Date="20140702" Time="083859">CalculateField AD_GN_Pg_NDC DSD_N "PALINDANUWARA" VB #</Process><Process ToolSource="c:\program files\arcgis\desktop10.2\ArcToolbox\Toolboxes\Data Management Tools.tbx\CalculateField" Date="20140702" Time="084031">CalculateField AD_GN_Pg_NDC DSD_N "PALINDANUWARA" VB #</Process><Process ToolSource="c:\program files\arcgis\desktop10.2\ArcToolbox\Toolboxes\Data Management Tools.tbx\CalculateField" Date="20140702" Time="084623">CalculateField AD_GN_Pg_NDC DSD_N "PALINDANUWARA" VB #</Process><Process ToolSource="c:\program files\arcgis\desktop10.2\ArcToolbox\Toolboxes\Data Management Tools.tbx\CalculateField" Date="20140702" Time="085028">CalculateField AD_GN_Pg_NDC DSD_N "AGALAWATTA" VB #</Process><Process ToolSource="c:\program files\arcgis\desktop10.2\ArcToolbox\Toolboxes\Data Management Tools.tbx\CalculateField" Date="20140702" Time="085628">CalculateField AD_GN_Pg_NDC DSD_N "MATHUGAMA" VB #</Process><Process ToolSource="c:\program files\arcgis\desktop10.2\ArcToolbox\Toolboxes\Data Management Tools.tbx\CalculateField" Date="20140702" Time="085934">CalculateField AD_GN_Pg_NDC DSD_N "MATHUGAMA" VB #</Process><Process ToolSource="c:\program files\arcgis\desktop10.2\ArcToolbox\Toolboxes\Data Management Tools.tbx\CalculateField" Date="20140702" Time="090236">CalculateField AD_GN_Pg_NDC DSD_N "WALALLAWITA" VB #</Process><Process ToolSource="c:\program files\arcgis\desktop10.2\ArcToolbox\Toolboxes\Data Management Tools.tbx\CalculateField" Date="20140702" Time="090319">CalculateField AD_GN_Pg_NDC DSD_N "AGALAWATTA" VB #</Process><Process ToolSource="c:\program files\arcgis\desktop10.2\ArcToolbox\Toolboxes\Data Management Tools.tbx\CalculateField" Date="20140702" Time="090408">CalculateField AD_GN_Pg_NDC DSD_N "PALINDANUWARA" VB #</Process><Process ToolSource="c:\program files\arcgis\desktop10.2\ArcToolbox\Toolboxes\Data Management Tools.tbx\CalculateField" Date="20140702" Time="090529">CalculateField AD_GN_Pg_NDC DSD_N "MATHUGAMA" VB #</Process><Process ToolSource="c:\program files\arcgis\desktop10.2\ArcToolbox\Toolboxes\Data Management Tools.tbx\CalculateField" Date="20140702" Time="091136">CalculateField AD_GN_Pg_NDC DSD_N "MATHUGAMA" VB #</Process><Process ToolSource="c:\program files\arcgis\desktop10.2\ArcToolbox\Toolboxes\Data Management Tools.tbx\CalculateField" Date="20140702" Time="091606">CalculateField AD_GN_Pg_NDC DSD_N "MADURAWALA" VB #</Process><Process ToolSource="c:\program files\arcgis\desktop10.2\ArcToolbox\Toolboxes\Data Management Tools.tbx\CalculateField" Date="20140702" Time="091714">CalculateField AD_GN_Pg_NDC DSD_N "WALALLAWITA" VB #</Process><Process ToolSource="c:\program files\arcgis\desktop10.2\ArcToolbox\Toolboxes\Data Management Tools.tbx\CalculateField" Date="20140702" Time="092431">CalculateField AD_GN_Pg_NDC DSD_N "RAMBUKKANA" VB #</Process><Process ToolSource="c:\program files\arcgis\desktop10.2\ArcToolbox\Toolboxes\Data Management Tools.tbx\CalculateField" Date="20140702" Time="092539">CalculateField AD_GN_Pg_NDC DSD_N "KEGALLE" VB #</Process><Process ToolSource="c:\program files\arcgis\desktop10.2\ArcToolbox\Toolboxes\Data Management Tools.tbx\CalculateField" Date="20140702" Time="100522">CalculateField AD_GN_Pg_NDC DSD_N "ALAYADIWEMBU" VB #</Process><Process ToolSource="c:\program files\arcgis\desktop10.2\ArcToolbox\Toolboxes\Data Management Tools.tbx\CalculateField" Date="20140702" Time="142549">CalculateField AD_GN_Pg_NDC DSD_N "BERUWALA" VB #</Process><Process ToolSource="c:\program files\arcgis\desktop10.2\ArcToolbox\Toolboxes\Data Management Tools.tbx\CalculateField" Date="20140709" Time="093244">CalculateField AD_GN_Pg_NDC PROVINCE_N "SABARAGAMUWA" VB #</Process><Process ToolSource="c:\program files\arcgis\desktop10.2\ArcToolbox\Toolboxes\Data Management Tools.tbx\CalculateField" Date="20140709" Time="093316">CalculateField AD_GN_Pg_NDC PROVINCE_C "9" VB #</Process><Process ToolSource="c:\program files\arcgis\desktop10.2\ArcToolbox\Toolboxes\Data Management Tools.tbx\CalculateField" Date="20140709" Time="105849">CalculateField AD_GN_Pg_NDC DSD_N "GONAPINUWALA" VB #</Process><Process ToolSource="c:\program files\arcgis\desktop10.2\ArcToolbox\Toolboxes\Data Management Tools.tbx\CalculateField" Date="20140709" Time="110218">CalculateField AD_GN_Pg_NDC DSD_N "MATARA FOUR GRAVETS" VB #</Process><Process ToolSource="c:\program files\arcgis\desktop10.2\ArcToolbox\Toolboxes\Data Management Tools.tbx\CalculateField" Date="20140709" Time="111548">CalculateField AD_GN_Pg_NDC DSD_N "RATNAPURA" VB #</Process><Process ToolSource="c:\program files\arcgis\desktop10.2\ArcToolbox\Toolboxes\Data Management Tools.tbx\CalculateField" Date="20140709" Time="112047">CalculateField AD_GN_Pg_NDC PROVINCE_N " SABARAGAMUWA " VB #</Process><Process ToolSource="c:\program files\arcgis\desktop10.2\ArcToolbox\Toolboxes\Data Management Tools.tbx\CalculateField" Date="20140709" Time="122358">CalculateField AD_GN_Pg_NDC PROVINCE_C "2" VB #</Process><Process ToolSource="c:\program files\arcgis\desktop10.2\ArcToolbox\Toolboxes\Data Management Tools.tbx\CalculateField" Date="20140709" Time="122438">CalculateField AD_GN_Pg_NDC DISTRICT_C "3" VB #</Process><Process ToolSource="c:\program files\arcgis\desktop10.2\ArcToolbox\Toolboxes\Data Management Tools.tbx\CalculateField" Date="20140709" Time="122601">CalculateField AD_GN_Pg_NDC DISTRICT_C "3" VB #</Process><Process ToolSource="c:\program files\arcgis\desktop10.2\ArcToolbox\Toolboxes\Data Management Tools.tbx\CalculateField" Date="20140709" Time="141239">CalculateField AD_GN_Pg_NDC PROVINCE_C "1" VB #</Process><Process ToolSource="c:\program files\arcgis\desktop10.2\ArcToolbox\Toolboxes\Data Management Tools.tbx\CalculateField" Date="20140709" Time="141521">CalculateField AD_GN_Pg_NDC DISTRICT_C "2" VB #</Process><Process ToolSource="c:\program files\arcgis\desktop10.2\ArcToolbox\Toolboxes\Data Management Tools.tbx\CalculateField" Date="20140709" Time="141713">CalculateField AD_GN_Pg_NDC DISTRICT_C "3" VB #</Process><Process ToolSource="c:\program files\arcgis\desktop10.2\ArcToolbox\Toolboxes\Data Management Tools.tbx\CalculateField" Date="20140709" Time="142852">CalculateField AD_GN_Pg_NDC DSD_C "3" VB #</Process><Process ToolSource="c:\program files\arcgis\desktop10.2\ArcToolbox\Toolboxes\Data Management Tools.tbx\CalculateField" Date="20140709" Time="142923">CalculateField AD_GN_Pg_NDC DSD_C "6" VB #</Process><Process ToolSource="c:\program files\arcgis\desktop10.2\ArcToolbox\Toolboxes\Data Management Tools.tbx\CalculateField" Date="20140709" Time="143129">CalculateField AD_GN_Pg_NDC DSD_C "9" VB #</Process><Process ToolSource="c:\program files\arcgis\desktop10.2\ArcToolbox\Toolboxes\Data Management Tools.tbx\CalculateField" Date="20140709" Time="143306">CalculateField AD_GN_Pg_NDC DSD_C "12" VB #</Process><Process ToolSource="c:\program files\arcgis\desktop10.2\ArcToolbox\Toolboxes\Data Management Tools.tbx\CalculateField" Date="20140709" Time="143334">CalculateField AD_GN_Pg_NDC DSD_C "15" VB #</Process><Process ToolSource="c:\program files\arcgis\desktop10.2\ArcToolbox\Toolboxes\Data Management Tools.tbx\CalculateField" Date="20140709" Time="143403">CalculateField AD_GN_Pg_NDC DSD_C "18" VB #</Process><Process ToolSource="c:\program files\arcgis\desktop10.2\ArcToolbox\Toolboxes\Data Management Tools.tbx\CalculateField" Date="20140709" Time="143430">CalculateField AD_GN_Pg_NDC DSD_C "21" VB #</Process><Process ToolSource="c:\program files\arcgis\desktop10.2\ArcToolbox\Toolboxes\Data Management Tools.tbx\CalculateField" Date="20140709" Time="143500">CalculateField AD_GN_Pg_NDC DSD_C "24" VB #</Process><Process ToolSource="c:\program files\arcgis\desktop10.2\ArcToolbox\Toolboxes\Data Management Tools.tbx\CalculateField" Date="20140709" Time="143523">CalculateField AD_GN_Pg_NDC DSD_C "27" VB #</Process><Process ToolSource="c:\program files\arcgis\desktop10.2\ArcToolbox\Toolboxes\Data Management Tools.tbx\CalculateField" Date="20140709" Time="143548">CalculateField AD_GN_Pg_NDC DSD_C "30" VB #</Process><Process ToolSource="c:\program files\arcgis\desktop10.2\ArcToolbox\Toolboxes\Data Management Tools.tbx\CalculateField" Date="20140709" Time="143620">CalculateField AD_GN_Pg_NDC DSD_C "33" VB #</Process><Process ToolSource="c:\program files\arcgis\desktop10.2\ArcToolbox\Toolboxes\Data Management Tools.tbx\CalculateField" Date="20140709" Time="143646">CalculateField AD_GN_Pg_NDC DSD_C "36" VB #</Process><Process ToolSource="c:\program files\arcgis\desktop10.2\ArcToolbox\Toolboxes\Data Management Tools.tbx\CalculateField" Date="20140709" Time="143706">CalculateField AD_GN_Pg_NDC DSD_C "39" VB #</Process><Process ToolSource="c:\program files\arcgis\desktop10.2\ArcToolbox\Toolboxes\Data Management Tools.tbx\CalculateField" Date="20140709" Time="145022">CalculateField AD_GN_Pg_NDC DSD_N "KELANIYA" VB #</Process><Process ToolSource="c:\program files\arcgis\desktop10.2\ArcToolbox\Toolboxes\Data Management Tools.tbx\CalculateField" Date="20140709" Time="145032">CalculateField AD_GN_Pg_NDC DSD_C "36" VB #</Process><Process ToolSource="c:\program files\arcgis\desktop10.2\ArcToolbox\Toolboxes\Data Management Tools.tbx\CalculateField" Date="20140715" Time="111539">CalculateField AD_GN_Pg_NDC DSD_C "12" VB #</Process><Process ToolSource="c:\program files\arcgis\desktop10.2\ArcToolbox\Toolboxes\Data Management Tools.tbx\CalculateField" Date="20140715" Time="111801">CalculateField AD_GN_Pg_NDC DSD_C "3" VB #</Process><Process ToolSource="c:\program files\arcgis\desktop10.2\ArcToolbox\Toolboxes\Data Management Tools.tbx\CalculateField" Date="20140715" Time="111820">CalculateField AD_GN_Pg_NDC DSD_C "03" VB #</Process><Process ToolSource="c:\program files\arcgis\desktop10.2\ArcToolbox\Toolboxes\Data Management Tools.tbx\CalculateField" Date="20140715" Time="112010">CalculateField AD_GN_Pg_NDC DSD_C "06" VB #</Process><Process ToolSource="c:\program files\arcgis\desktop10.2\ArcToolbox\Toolboxes\Data Management Tools.tbx\CalculateField" Date="20140715" Time="112113">CalculateField AD_GN_Pg_NDC DSD_C "09" VB #</Process><Process ToolSource="c:\program files\arcgis\desktop10.2\ArcToolbox\Toolboxes\Data Management Tools.tbx\CalculateField" Date="20140715" Time="112156">CalculateField AD_GN_Pg_NDC DSD_C "10" VB #</Process><Process ToolSource="c:\program files\arcgis\desktop10.2\ArcToolbox\Toolboxes\Data Management Tools.tbx\CalculateField" Date="20140715" Time="115016">CalculateField AD_GN_Pg_NDC DSD_C "15" VB #</Process><Process ToolSource="c:\program files\arcgis\desktop10.2\ArcToolbox\Toolboxes\Data Management Tools.tbx\CalculateField" Date="20140715" Time="120234">CalculateField AD_GN_Pg_NDC DSD_C "18" VB #</Process><Process ToolSource="c:\program files\arcgis\desktop10.2\ArcToolbox\Toolboxes\Data Management Tools.tbx\CalculateField" Date="20140715" Time="135001">CalculateField AD_GN_Pg_NDC DSD_C "24" VB #</Process><Process ToolSource="c:\program files\arcgis\desktop10.2\ArcToolbox\Toolboxes\Data Management Tools.tbx\CalculateField" Date="20140715" Time="140001">CalculateField AD_GN_Pg_NDC DSD_C "27" VB #</Process><Process ToolSource="c:\program files\arcgis\desktop10.2\ArcToolbox\Toolboxes\Data Management Tools.tbx\CalculateField" Date="20140715" Time="141713">CalculateField AD_GN_Pg_NDC DSD_C "30" VB #</Process><Process ToolSource="c:\program files\arcgis\desktop10.2\ArcToolbox\Toolboxes\Data Management Tools.tbx\CalculateField" Date="20140715" Time="154215">CalculateField AD_GN_Pg_NDC DSD_C "33" VB #</Process><Process ToolSource="c:\program files\arcgis\desktop10.2\ArcToolbox\Toolboxes\Data Management Tools.tbx\CalculateField" Date="20140716" Time="084013">CalculateField AD_GN_Pg_NDC DSD_C "36" VB #</Process><Process ToolSource="c:\program files\arcgis\desktop10.2\ArcToolbox\Toolboxes\Data Management Tools.tbx\CalculateField" Date="20140716" Time="084115">CalculateField AD_GN_Pg_NDC DSD_C "39" VB #</Process><Process ToolSource="c:\program files\arcgis\desktop10.2\ArcToolbox\Toolboxes\Data Management Tools.tbx\CalculateField" Date="20140716" Time="085747">CalculateField AD_GN_Pg_NDC DSD_C "21" VB #</Process><Process ToolSource="c:\program files\arcgis\desktop10.2\ArcToolbox\Toolboxes\Data Management Tools.tbx\CalculateField" Date="20140723" Time="112736">CalculateField AD_GN_Pg_NDC PROVINCE_C "5" VB #</Process><Process ToolSource="c:\program files\arcgis\desktop10.2\ArcToolbox\Toolboxes\Data Management Tools.tbx\CalculateField" Date="20140723" Time="112900">CalculateField AD_GN_Pg_NDC DISTRICT_C "3" VB #</Process><Process ToolSource="c:\program files\arcgis\desktop10.2\ArcToolbox\Toolboxes\Data Management Tools.tbx\CalculateField" Date="20140723" Time="112927">CalculateField AD_GN_Pg_NDC DISTRICT_C "2" VB #</Process><Process ToolSource="c:\program files\arcgis\desktop10.2\ArcToolbox\Toolboxes\Data Management Tools.tbx\CalculateField" Date="20140723" Time="112953">CalculateField AD_GN_Pg_NDC DISTRICT_C "1" VB #</Process><Process ToolSource="c:\program files\arcgis\desktop10.2\ArcToolbox\Toolboxes\Data Management Tools.tbx\CalculateField" Date="20140723" Time="113204">CalculateField AD_GN_Pg_NDC DSD_C "03" VB #</Process><Process ToolSource="c:\program files\arcgis\desktop10.2\ArcToolbox\Toolboxes\Data Management Tools.tbx\CalculateField" Date="20140723" Time="115345">CalculateField AD_GN_Pg_NDC DSD_C "06" VB #</Process><Process ToolSource="c:\program files\arcgis\desktop10.2\ArcToolbox\Toolboxes\Data Management Tools.tbx\CalculateField" Date="20140723" Time="140359">CalculateField AD_GN_Pg_NDC DSD_C "18" VB #</Process><Process ToolSource="c:\program files\arcgis\desktop10.2\ArcToolbox\Toolboxes\Data Management Tools.tbx\CalculateField" Date="20140725" Time="085530">CalculateField AD_GN_Pg_NDC DSD_C "24" VB #</Process><Process ToolSource="c:\program files\arcgis\desktop10.2\ArcToolbox\Toolboxes\Data Management Tools.tbx\CalculateField" Date="20140725" Time="085629">CalculateField AD_GN_Pg_NDC DSD_C "27" VB #</Process><Process ToolSource="c:\program files\arcgis\desktop10.2\ArcToolbox\Toolboxes\Data Management Tools.tbx\CalculateField" Date="20140725" Time="090804">CalculateField AD_GN_Pg_NDC DSD_C "30" VB #</Process><Process ToolSource="c:\program files\arcgis\desktop10.2\ArcToolbox\Toolboxes\Data Management Tools.tbx\CalculateField" Date="20140725" Time="093302">CalculateField AD_GN_Pg_NDC DSD_C "33" VB #</Process><Process ToolSource="c:\program files\arcgis\desktop10.2\ArcToolbox\Toolboxes\Data Management Tools.tbx\CalculateField" Date="20140725" Time="100926">CalculateField AD_GN_Pg_NDC DSD_C "36" VB #</Process><Process ToolSource="c:\program files\arcgis\desktop10.2\ArcToolbox\Toolboxes\Data Management Tools.tbx\CalculateField" Date="20140725" Time="105226">CalculateField AD_GN_Pg_NDC DSD_C "12" VB #</Process><Process ToolSource="c:\program files\arcgis\desktop10.2\ArcToolbox\Toolboxes\Data Management Tools.tbx\CalculateField" Date="20140725" Time="105309">CalculateField AD_GN_Pg_NDC DSD_C "15" VB #</Process><Process ToolSource="c:\program files\arcgis\desktop10.2\ArcToolbox\Toolboxes\Data Management Tools.tbx\CalculateField" Date="20140725" Time="105400">CalculateField AD_GN_Pg_NDC DSD_C "09" VB #</Process><Process ToolSource="c:\program files\arcgis\desktop10.2\ArcToolbox\Toolboxes\Data Management Tools.tbx\CalculateField" Date="20140725" Time="105612">CalculateField AD_GN_Pg_NDC DSD_C "21" VB #</Process><Process ToolSource="c:\program files\arcgis\desktop10.2\ArcToolbox\Toolboxes\Data Management Tools.tbx\CalculateField" Date="20140725" Time="113605">CalculateField AD_GN_Pg_NDC DSD_C "03" VB #</Process><Process ToolSource="c:\program files\arcgis\desktop10.2\ArcToolbox\Toolboxes\Data Management Tools.tbx\CalculateField" Date="20140725" Time="115126">CalculateField AD_GN_Pg_NDC DSD_C "03" VB #</Process><Process ToolSource="c:\program files\arcgis\desktop10.2\ArcToolbox\Toolboxes\Data Management Tools.tbx\CalculateField" Date="20140725" Time="133706">CalculateField AD_GN_Pg_NDC DSD_C "09" VB #</Process><Process ToolSource="c:\program files\arcgis\desktop10.2\ArcToolbox\Toolboxes\Data Management Tools.tbx\CalculateField" Date="20140725" Time="134338">CalculateField AD_GN_Pg_NDC DSD_C "12" VB #</Process><Process ToolSource="c:\program files\arcgis\desktop10.2\ArcToolbox\Toolboxes\Data Management Tools.tbx\CalculateField" Date="20140725" Time="141054">CalculateField AD_GN_Pg_NDC DSD_C "15" VB #</Process><Process ToolSource="c:\program files\arcgis\desktop10.2\ArcToolbox\Toolboxes\Data Management Tools.tbx\CalculateField" Date="20140725" Time="142856">CalculateField AD_GN_Pg_NDC DSD_C "18" VB #</Process><Process ToolSource="c:\program files\arcgis\desktop10.2\ArcToolbox\Toolboxes\Data Management Tools.tbx\CalculateField" Date="20140725" Time="143230">CalculateField AD_GN_Pg_NDC DSD_C "21" VB #</Process><Process ToolSource="c:\program files\arcgis\desktop10.2\ArcToolbox\Toolboxes\Data Management Tools.tbx\CalculateField" Date="20140725" Time="144606">CalculateField AD_GN_Pg_NDC DSD_C "24" VB #</Process><Process ToolSource="c:\program files\arcgis\desktop10.2\ArcToolbox\Toolboxes\Data Management Tools.tbx\CalculateField" Date="20140728" Time="083110">CalculateField AD_GN_Pg_NDC DSD_C "27" VB #</Process><Process ToolSource="c:\program files\arcgis\desktop10.2\ArcToolbox\Toolboxes\Data Management Tools.tbx\CalculateField" Date="20140728" Time="083955">CalculateField AD_GN_Pg_NDC DSD_C "30" VB #</Process><Process ToolSource="c:\program files\arcgis\desktop10.2\ArcToolbox\Toolboxes\Data Management Tools.tbx\CalculateField" Date="20140728" Time="084351">CalculateField AD_GN_Pg_NDC DSD_C "33" VB #</Process><Process ToolSource="c:\program files\arcgis\desktop10.2\ArcToolbox\Toolboxes\Data Management Tools.tbx\CalculateField" Date="20140728" Time="085142">CalculateField AD_GN_Pg_NDC DSD_C "06" VB #</Process><Process ToolSource="c:\program files\arcgis\desktop10.2\ArcToolbox\Toolboxes\Data Management Tools.tbx\CalculateField" Date="20140728" Time="085854">CalculateField AD_GN_Pg_NDC DSD_C "09" VB #</Process><Process ToolSource="c:\program files\arcgis\desktop10.2\ArcToolbox\Toolboxes\Data Management Tools.tbx\CalculateField" Date="20140728" Time="091513">CalculateField AD_GN_Pg_NDC DSD_C "12" VB #</Process><Process ToolSource="c:\program files\arcgis\desktop10.2\ArcToolbox\Toolboxes\Data Management Tools.tbx\CalculateField" Date="20140728" Time="095809">CalculateField AD_GN_Pg_NDC DSD_C "15" VB #</Process><Process ToolSource="c:\program files\arcgis\desktop10.2\ArcToolbox\Toolboxes\Data Management Tools.tbx\CalculateField" Date="20140728" Time="100609">CalculateField AD_GN_Pg_NDC DSD_C "16" VB #</Process><Process ToolSource="c:\program files\arcgis\desktop10.2\ArcToolbox\Toolboxes\Data Management Tools.tbx\CalculateField" Date="20140728" Time="105156">CalculateField AD_GN_Pg_NDC DSD_C "18" VB #</Process><Process ToolSource="c:\program files\arcgis\desktop10.2\ArcToolbox\Toolboxes\Data Management Tools.tbx\CalculateField" Date="20140728" Time="110646">CalculateField AD_GN_Pg_NDC DSD_C "24" VB #</Process><Process ToolSource="c:\program files\arcgis\desktop10.2\ArcToolbox\Toolboxes\Data Management Tools.tbx\CalculateField" Date="20140728" Time="114051">CalculateField AD_GN_Pg_NDC DSD_C "25" VB #</Process><Process ToolSource="c:\program files\arcgis\desktop10.2\ArcToolbox\Toolboxes\Data Management Tools.tbx\CalculateField" Date="20140728" Time="120728">CalculateField AD_GN_Pg_NDC DSD_C "27" VB #</Process><Process ToolSource="c:\program files\arcgis\desktop10.2\ArcToolbox\Toolboxes\Data Management Tools.tbx\CalculateField" Date="20140728" Time="121053">CalculateField AD_GN_Pg_NDC DSD_C "30" VB #</Process><Process ToolSource="c:\program files\arcgis\desktop10.2\ArcToolbox\Toolboxes\Data Management Tools.tbx\CalculateField" Date="20140728" Time="122715">CalculateField AD_GN_Pg_NDC DSD_C "33" VB #</Process><Process ToolSource="c:\program files\arcgis\desktop10.2\ArcToolbox\Toolboxes\Data Management Tools.tbx\CalculateField" Date="20140728" Time="132025">CalculateField AD_GN_Pg_NDC DSD_C "34" VB #</Process><Process ToolSource="c:\program files\arcgis\desktop10.2\ArcToolbox\Toolboxes\Data Management Tools.tbx\CalculateField" Date="20140728" Time="132451">CalculateField AD_GN_Pg_NDC DSD_C "36" VB #</Process><Process ToolSource="c:\program files\arcgis\desktop10.2\ArcToolbox\Toolboxes\Data Management Tools.tbx\CalculateField" Date="20140728" Time="144230">CalculateField AD_GN_Pg_NDC DSD_C "39" VB #</Process><Process ToolSource="c:\program files\arcgis\desktop10.2\ArcToolbox\Toolboxes\Data Management Tools.tbx\CalculateField" Date="20140728" Time="152855">CalculateField AD_GN_Pg_NDC DSD_C "42" VB #</Process><Process ToolSource="c:\program files\arcgis\desktop10.2\ArcToolbox\Toolboxes\Data Management Tools.tbx\CalculateField" Date="20140728" Time="154336">CalculateField AD_GN_Pg_NDC DSD_C "45" VB #</Process><Process ToolSource="c:\program files\arcgis\desktop10.2\ArcToolbox\Toolboxes\Data Management Tools.tbx\CalculateField" Date="20140730" Time="083723">CalculateField AD_GN_Pg_NDC DSD_C "48" VB #</Process><Process ToolSource="c:\program files\arcgis\desktop10.2\ArcToolbox\Toolboxes\Data Management Tools.tbx\CalculateField" Date="20140730" Time="084527">CalculateField AD_GN_Pg_NDC DSD_C "51" VB #</Process><Process ToolSource="c:\program files\arcgis\desktop10.2\ArcToolbox\Toolboxes\Data Management Tools.tbx\CalculateField" Date="20140730" Time="085651">CalculateField AD_GN_Pg_NDC PROVINCE_C "4" VB #</Process><Process ToolSource="c:\program files\arcgis\desktop10.2\ArcToolbox\Toolboxes\Data Management Tools.tbx\CalculateField" Date="20140730" Time="085700">CalculateField AD_GN_Pg_NDC DISTRICT_C "1" VB #</Process><Process ToolSource="c:\program files\arcgis\desktop10.2\ArcToolbox\Toolboxes\Data Management Tools.tbx\CalculateField" Date="20140730" Time="085713">CalculateField AD_GN_Pg_NDC DSD_C "03" VB #</Process><Process ToolSource="c:\program files\arcgis\desktop10.2\ArcToolbox\Toolboxes\Data Management Tools.tbx\CalculateField" Date="20140730" Time="092334">CalculateField AD_GN_Pg_NDC PROVINCE_C "4" VB #</Process><Process ToolSource="c:\program files\arcgis\desktop10.2\ArcToolbox\Toolboxes\Data Management Tools.tbx\CalculateField" Date="20140730" Time="092622">CalculateField AD_GN_Pg_NDC DISTRICT_C "1" VB #</Process><Process ToolSource="c:\program files\arcgis\desktop10.2\ArcToolbox\Toolboxes\Data Management Tools.tbx\CalculateField" Date="20140730" Time="093359">CalculateField AD_GN_Pg_NDC GND_C "06" VB #</Process><Process ToolSource="c:\program files\arcgis\desktop10.2\ArcToolbox\Toolboxes\Data Management Tools.tbx\CalculateField" Date="20140730" Time="093509">CalculateField AD_GN_Pg_NDC DSD_C "06" VB #</Process><Process ToolSource="c:\program files\arcgis\desktop10.2\ArcToolbox\Toolboxes\Data Management Tools.tbx\CalculateField" Date="20140730" Time="094245">CalculateField AD_GN_Pg_NDC DSD_C "09" VB #</Process><Process ToolSource="c:\program files\arcgis\desktop10.2\ArcToolbox\Toolboxes\Data Management Tools.tbx\CalculateField" Date="20140730" Time="094724">CalculateField AD_GN_Pg_NDC DSD_C "12" VB #</Process><Process ToolSource="c:\program files\arcgis\desktop10.2\ArcToolbox\Toolboxes\Data Management Tools.tbx\CalculateField" Date="20140730" Time="095624">CalculateField AD_GN_Pg_NDC DSD_C "15" VB #</Process><Process ToolSource="c:\program files\arcgis\desktop10.2\ArcToolbox\Toolboxes\Data Management Tools.tbx\CalculateField" Date="20140730" Time="102738">CalculateField AD_GN_Pg_NDC DSD_C "18" VB #</Process><Process ToolSource="c:\program files\arcgis\desktop10.2\ArcToolbox\Toolboxes\Data Management Tools.tbx\CalculateField" Date="20140730" Time="103622">CalculateField AD_GN_Pg_NDC DSD_C "21" VB #</Process><Process ToolSource="c:\program files\arcgis\desktop10.2\ArcToolbox\Toolboxes\Data Management Tools.tbx\CalculateField" Date="20140730" Time="112530">CalculateField AD_GN_Pg_NDC DSD_C "24" VB #</Process><Process ToolSource="c:\program files\arcgis\desktop10.2\ArcToolbox\Toolboxes\Data Management Tools.tbx\CalculateField" Date="20140730" Time="112749">CalculateField AD_GN_Pg_NDC DSD_C "27" VB #</Process><Process ToolSource="c:\program files\arcgis\desktop10.2\ArcToolbox\Toolboxes\Data Management Tools.tbx\CalculateField" Date="20140731" Time="084015">CalculateField AD_GN_Pg_NDC DSD_C "30" VB #</Process><Process ToolSource="c:\program files\arcgis\desktop10.2\ArcToolbox\Toolboxes\Data Management Tools.tbx\CalculateField" Date="20140731" Time="091703">CalculateField AD_GN_Pg_NDC DSD_C "33" VB #</Process><Process ToolSource="c:\program files\arcgis\desktop10.2\ArcToolbox\Toolboxes\Data Management Tools.tbx\CalculateField" Date="20140731" Time="095517">CalculateField AD_GN_Pg_NDC DSD_C "36" VB #</Process><Process ToolSource="c:\program files\arcgis\desktop10.2\ArcToolbox\Toolboxes\Data Management Tools.tbx\CalculateField" Date="20140731" Time="103757">CalculateField AD_GN_Pg_NDC DSD_C "39" VB #</Process><Process ToolSource="c:\program files\arcgis\desktop10.2\ArcToolbox\Toolboxes\Data Management Tools.tbx\CalculateField" Date="20140731" Time="105237">CalculateField AD_GN_Pg_NDC GND_C "080" VB #</Process><Process ToolSource="c:\program files\arcgis\desktop10.2\ArcToolbox\Toolboxes\Data Management Tools.tbx\CalculateField" Date="20140731" Time="105623">CalculateField AD_GN_Pg_NDC DSD_C "42" VB #</Process><Process ToolSource="c:\program files\arcgis\desktop10.2\ArcToolbox\Toolboxes\Data Management Tools.tbx\CalculateField" Date="20140731" Time="110717">CalculateField AD_GN_Pg_NDC DISTRICT_C "5" VB #</Process><Process ToolSource="c:\program files\arcgis\desktop10.2\ArcToolbox\Toolboxes\Data Management Tools.tbx\CalculateField" Date="20140731" Time="111112">CalculateField AD_GN_Pg_NDC DSD_C "03" VB #</Process><Process ToolSource="c:\program files\arcgis\desktop10.2\ArcToolbox\Toolboxes\Data Management Tools.tbx\CalculateField" Date="20140731" Time="111424">CalculateField AD_GN_Pg_NDC DSD_C "06" VB #</Process><Process ToolSource="c:\program files\arcgis\desktop10.2\ArcToolbox\Toolboxes\Data Management Tools.tbx\CalculateField" Date="20140731" Time="111722">CalculateField AD_GN_Pg_NDC DSD_C "09" VB #</Process><Process ToolSource="c:\program files\arcgis\desktop10.2\ArcToolbox\Toolboxes\Data Management Tools.tbx\CalculateField" Date="20140731" Time="112710">CalculateField AD_GN_Pg_NDC DSD_C "12" VB #</Process><Process ToolSource="c:\program files\arcgis\desktop10.2\ArcToolbox\Toolboxes\Data Management Tools.tbx\CalculateField" Date="20140731" Time="113505">CalculateField AD_GN_Pg_NDC DSD_C "03" VB #</Process><Process ToolSource="c:\program files\arcgis\desktop10.2\ArcToolbox\Toolboxes\Data Management Tools.tbx\CalculateField" Date="20140731" Time="113945">CalculateField AD_GN_Pg_NDC DSD_C "06" VB #</Process><Process ToolSource="c:\program files\arcgis\desktop10.2\ArcToolbox\Toolboxes\Data Management Tools.tbx\CalculateField" Date="20140731" Time="120625">CalculateField AD_GN_Pg_NDC DSD_C "09" VB #</Process><Process ToolSource="c:\program files\arcgis\desktop10.2\ArcToolbox\Toolboxes\Data Management Tools.tbx\CalculateField" Date="20140731" Time="131344">CalculateField AD_GN_Pg_NDC DSD_C "12" VB #</Process><Process ToolSource="c:\program files\arcgis\desktop10.2\ArcToolbox\Toolboxes\Data Management Tools.tbx\CalculateField" Date="20140731" Time="133005">CalculateField AD_GN_Pg_NDC DSD_C "15" VB #</Process><Process ToolSource="c:\program files (x86)\arcgis\desktop10.1\ArcToolbox\Toolboxes\Data Management Tools.tbx\CopyFeatures" Date="20140828" Time="145312">CopyFeatures "D:\GIS_TDB\ADMIN Boundaries\50K_GN_NDC_2014_V11_New.mdb\Working_Personal_dataset\AD_GN_Pg" C:\Script_Data\processing_file\50K_GN_NDC_2014_V11_New\AD_GN_Pg.shp # 0 0 0</Process><Process ToolSource="c:\program files (x86)\arcgis\desktop10.1\ArcToolbox\Toolboxes\Data Management Tools.tbx\CalculateField" Date="20150129" Time="160841">CalculateField AD_MOH_GN MOH_N [DSD_N] VB #</Process><Process ToolSource="c:\program files (x86)\arcgis\desktop10.1\ArcToolbox\Toolboxes\Data Management Tools.tbx\CalculateField" Date="20150129" Time="160910">CalculateField AD_MOH_GN MOH_N [DSD_N] VB #</Process><Process ToolSource="c:\program files (x86)\arcgis\desktop10.1\ArcToolbox\Toolboxes\Data Management Tools.tbx\Merge" Date="20150316" Time="191333">Merge Nuwara_Eliya_MOH_GN;Matara_MOH_GN;Matale_MOH_GN;Kandy_MOH_GN;Hambantota_MOH_GN;Galle_MOH_GN;Kalmunai_MOH_GN;Batti;Trinco;Ampara_MOH_GN;Jaffna;MULLATIVU;VAVUNIYA;MANNAR;KILINOCHCHI;Ratnapura_MOH_GN;POLONNARUWA_GN_MOH;KEGALLE_MOH_GN;Badulla_GN_MOH;AN_NEwest;Kurunegala_GN_MOH;Moneragala_GN_MOH;Puttalam_GN_MOH;COLOMBO_GN_MOH;KALUTARA_GN_MOH;GAMPAHA_GN_MOH E:\project\GIS\SL\MOH\SL_MOH_GN.shp "PROVINCE_N "PROVINCE_N" true true false 30 Text 0 0 ,First,#,Nuwara_Eliya_MOH_GN,PROVINCE_N,-1,-1,Matara_MOH_GN,PROVINCE_N,-1,-1,Matale_MOH_GN,PROVINCE_N,-1,-1,Kandy_MOH_GN,PROVINCE_N,-1,-1,Hambantota_MOH_GN,PROVINCE_N,-1,-1,Galle_MOH_GN,PROVINCE_N,-1,-1,Kalmunai_MOH_GN,PROVINCE_N,-1,-1,Batti,PROVINCE_N,-1,-1,Trinco,PROVINCE_N,-1,-1,Ampara_MOH_GN,PROVINCE_N,-1,-1,Jaffna,PROVINCE_N,-1,-1,MULLATIVU,PROVINCE_N,-1,-1,VAVUNIYA,PROVINCE_N,-1,-1,MANNAR,PROVINCE_N,-1,-1,KILINOCHCHI,PROVINCE_N,-1,-1,Ratnapura_MOH_GN,PROVINCE_N,-1,-1,POLONNARUWA_GN_MOH,PROVINCE_N,-1,-1,KEGALLE_MOH_GN,PROVINCE_N,-1,-1,Badulla_GN_MOH,PROVINCE_N,-1,-1,AN_NEwest,PROVINCE_N,-1,-1,Kurunegala_GN_MOH,PROVINCE_N,-1,-1,Moneragala_GN_MOH,PROVINCE_N,-1,-1,Puttalam_GN_MOH,PROVINCE_N,-1,-1,COLOMBO_GN_MOH,PROVINCE_N,-1,-1,KALUTARA_GN_MOH,PROVINCE_N,-1,-1,GAMPAHA_GN_MOH,PROVINCE_N,-1,-1;PROVINCE_C "PROVINCE_C" true true false 1 Text 0 0 ,First,#,Nuwara_Eliya_MOH_GN,PROVINCE_C,-1,-1,Matara_MOH_GN,PROVINCE_C,-1,-1,Matale_MOH_GN,PROVINCE_C,-1,-1,Kandy_MOH_GN,PROVINCE_C,-1,-1,Hambantota_MOH_GN,PROVINCE_C,-1,-1,Galle_MOH_GN,PROVINCE_C,-1,-1,Kalmunai_MOH_GN,PROVINCE_C,-1,-1,Batti,PROVINCE_C,-1,-1,Trinco,PROVINCE_C,-1,-1,Ampara_MOH_GN,PROVINCE_C,-1,-1,Jaffna,PROVINCE_C,-1,-1,MULLATIVU,PROVINCE_C,-1,-1,VAVUNIYA,PROVINCE_C,-1,-1,MANNAR,PROVINCE_C,-1,-1,KILINOCHCHI,PROVINCE_C,-1,-1,Ratnapura_MOH_GN,PROVINCE_C,-1,-1,POLONNARUWA_GN_MOH,PROVINCE_C,-1,-1,KEGALLE_MOH_GN,PROVINCE_C,-1,-1,Badulla_GN_MOH,PROVINCE_C,-1,-1,AN_NEwest,PROVINCE_C,-1,-1,Kurunegala_GN_MOH,PROVINCE_C,-1,-1,Moneragala_GN_MOH,PROVINCE_C,-1,-1,Puttalam_GN_MOH,PROVINCE_C,-1,-1,COLOMBO_GN_MOH,PROVINCE_C,-1,-1,KALUTARA_GN_MOH,PROVINCE_C,-1,-1,GAMPAHA_GN_MOH,PROVINCE_C,-1,-1;DISTRICT_N "DISTRICT_N" true true false 30 Text 0 0 ,First,#,Nuwara_Eliya_MOH_GN,DISTRICT_N,-1,-1,Matara_MOH_GN,DISTRICT_N,-1,-1,Matale_MOH_GN,DISTRICT_N,-1,-1,Kandy_MOH_GN,DISTRICT_N,-1,-1,Hambantota_MOH_GN,DISTRICT_N,-1,-1,Galle_MOH_GN,DISTRICT_N,-1,-1,Kalmunai_MOH_GN,DISTRICT_N,-1,-1,Batti,DISTRICT_N,-1,-1,Trinco,DISTRICT_N,-1,-1,Ampara_MOH_GN,DISTRICT_N,-1,-1,Jaffna,DISTRICT_N,-1,-1,MULLATIVU,DISTRICT_N,-1,-1,VAVUNIYA,DISTRICT_N,-1,-1,MANNAR,DISTRICT_N,-1,-1,KILINOCHCHI,DISTRICT_N,-1,-1,Ratnapura_MOH_GN,DISTRICT_N,-1,-1,POLONNARUWA_GN_MOH,DISTRICT_N,-1,-1,KEGALLE_MOH_GN,DISTRICT_N,-1,-1,Badulla_GN_MOH,DISTRICT_N,-1,-1,AN_NEwest,DISTRICT_N,-1,-1,Kurunegala_GN_MOH,DISTRICT_N,-1,-1,Moneragala_GN_MOH,DISTRICT_N,-1,-1,Puttalam_GN_MOH,DISTRICT_N,-1,-1,COLOMBO_GN_MOH,DISTRICT_N,-1,-1,KALUTARA_GN_MOH,DISTRICT_N,-1,-1,GAMPAHA_GN_MOH,DISTRICT_N,-1,-1;DISTRICT_C "DISTRICT_C" true true false 1 Text 0 0 ,First,#,Nuwara_Eliya_MOH_GN,DISTRICT_C,-1,-1,Matara_MOH_GN,DISTRICT_C,-1,-1,Matale_MOH_GN,DISTRICT_C,-1,-1,Kandy_MOH_GN,DISTRICT_C,-1,-1,Hambantota_MOH_GN,DISTRICT_C,-1,-1,Galle_MOH_GN,DISTRICT_C,-1,-1,Kalmunai_MOH_GN,DISTRICT_C,-1,-1,Batti,DISTRICT_C,-1,-1,Trinco,DISTRICT_C,-1,-1,Ampara_MOH_GN,DISTRICT_C,-1,-1,Jaffna,DISTRICT_C,-1,-1,MULLATIVU,DISTRICT_C,-1,-1,VAVUNIYA,DISTRICT_C,-1,-1,MANNAR,DISTRICT_C,-1,-1,KILINOCHCHI,DISTRICT_C,-1,-1,Ratnapura_MOH_GN,DISTRICT_C,-1,-1,POLONNARUWA_GN_MOH,DISTRICT_C,-1,-1,KEGALLE_MOH_GN,DISTRICT_C,-1,-1,Badulla_GN_MOH,DISTRICT_C,-1,-1,AN_NEwest,DISTRICT_C,-1,-1,Kurunegala_GN_MOH,DISTRICT_C,-1,-1,Moneragala_GN_MOH,DISTRICT_C,-1,-1,Puttalam_GN_MOH,DISTRICT_C,-1,-1,COLOMBO_GN_MOH,DISTRICT_C,-1,-1,KALUTARA_GN_MOH,DISTRICT_C,-1,-1,GAMPAHA_GN_MOH,DISTRICT_C,-1,-1;DSD_N "DSD_N" true true false 50 Text 0 0 ,First,#,Nuwara_Eliya_MOH_GN,DSD_N,-1,-1,Matara_MOH_GN,DSD_N,-1,-1,Matale_MOH_GN,DSD_N,-1,-1,Kandy_MOH_GN,DSD_N,-1,-1,Hambantota_MOH_GN,DSD_N,-1,-1,Galle_MOH_GN,DSD_N,-1,-1,Kalmunai_MOH_GN,DSD_N,-1,-1,Batti,DSD_N,-1,-1,Trinco,DSD_N,-1,-1,Ampara_MOH_GN,DSD_N,-1,-1,Jaffna,DSD_N,-1,-1,MULLATIVU,DSD_N,-1,-1,VAVUNIYA,DSD_N,-1,-1,MANNAR,DSD_N,-1,-1,KILINOCHCHI,DSD_N,-1,-1,Ratnapura_MOH_GN,DSD_N,-1,-1,POLONNARUWA_GN_MOH,DSD_N,-1,-1,KEGALLE_MOH_GN,DSD_N,-1,-1,Badulla_GN_MOH,DSD_N,-1,-1,AN_NEwest,DSD_N,-1,-1,Kurunegala_GN_MOH,DSD_N,-1,-1,Moneragala_GN_MOH,DSD_N,-1,-1,Puttalam_GN_MOH,DSD_N,-1,-1,COLOMBO_GN_MOH,DSD_N,-1,-1,KALUTARA_GN_MOH,DSD_N,-1,-1,GAMPAHA_GN_MOH,DSD_N,-1,-1;DSD_C "DSD_C" true true false 2 Text 0 0 ,First,#,Nuwara_Eliya_MOH_GN,DSD_C,-1,-1,Matara_MOH_GN,DSD_C,-1,-1,Matale_MOH_GN,DSD_C,-1,-1,Kandy_MOH_GN,DSD_C,-1,-1,Hambantota_MOH_GN,DSD_C,-1,-1,Galle_MOH_GN,DSD_C,-1,-1,Kalmunai_MOH_GN,DSD_C,-1,-1,Batti,DSD_C,-1,-1,Trinco,DSD_C,-1,-1,Ampara_MOH_GN,DSD_C,-1,-1,Jaffna,DSD_C,-1,-1,MULLATIVU,DSD_C,-1,-1,VAVUNIYA,DSD_C,-1,-1,MANNAR,DSD_C,-1,-1,KILINOCHCHI,DSD_C,-1,-1,Ratnapura_MOH_GN,DSD_C,-1,-1,POLONNARUWA_GN_MOH,DSD_C,-1,-1,KEGALLE_MOH_GN,DSD_C,-1,-1,Badulla_GN_MOH,DSD_C,-1,-1,AN_NEwest,DSD_C,-1,-1,Kurunegala_GN_MOH,DSD_C,-1,-1,Moneragala_GN_MOH,DSD_C,-1,-1,Puttalam_GN_MOH,DSD_C,-1,-1,COLOMBO_GN_MOH,DSD_C,-1,-1,KALUTARA_GN_MOH,DSD_C,-1,-1,GAMPAHA_GN_MOH,DSD_C,-1,-1;GND_NO "GND_NO" true true false 10 Text 0 0 ,First,#,Nuwara_Eliya_MOH_GN,GND_NO,-1,-1,Matara_MOH_GN,GND_NO,-1,-1,Matale_MOH_GN,GND_NO,-1,-1,Kandy_MOH_GN,GND_NO,-1,-1,Hambantota_MOH_GN,GND_NO,-1,-1,Galle_MOH_GN,GND_NO,-1,-1,Kalmunai_MOH_GN,GND_NO,-1,-1,Batti,GND_NO,-1,-1,Trinco,GND_NO,-1,-1,Ampara_MOH_GN,GND_NO,-1,-1,Jaffna,GND_NO,-1,-1,MULLATIVU,GND_NO,-1,-1,VAVUNIYA,GND_NO,-1,-1,MANNAR,GND_NO,-1,-1,KILINOCHCHI,GND_NO,-1,-1,Ratnapura_MOH_GN,GND_NO,-1,-1,POLONNARUWA_GN_MOH,GND_NO,-1,-1,KEGALLE_MOH_GN,GND_NO,-1,-1,Badulla_GN_MOH,GND_NO,-1,-1,AN_NEwest,GND_NO,-1,-1,Kurunegala_GN_MOH,GND_NO,-1,-1,Moneragala_GN_MOH,GND_NO,-1,-1,Puttalam_GN_MOH,GND_NO,-1,-1,COLOMBO_GN_MOH,GND_NO,-1,-1,KALUTARA_GN_MOH,GND_NO,-1,-1,GAMPAHA_GN_MOH,GND_NO,-1,-1;GND_N "GND_N" true true false 50 Text 0 0 ,First,#,Nuwara_Eliya_MOH_GN,GND_N,-1,-1,Matara_MOH_GN,GND_N,-1,-1,Matale_MOH_GN,GND_N,-1,-1,Kandy_MOH_GN,GND_N,-1,-1,Hambantota_MOH_GN,GND_N,-1,-1,Galle_MOH_GN,GND_N,-1,-1,Kalmunai_MOH_GN,GND_N,-1,-1,Batti,GND_N,-1,-1,Trinco,GND_N,-1,-1,Ampara_MOH_GN,GND_N,-1,-1,Jaffna,GND_N,-1,-1,MULLATIVU,GND_N,-1,-1,VAVUNIYA,GND_N,-1,-1,MANNAR,GND_N,-1,-1,KILINOCHCHI,GND_N,-1,-1,Ratnapura_MOH_GN,GND_N,-1,-1,POLONNARUWA_GN_MOH,GND_N,-1,-1,KEGALLE_MOH_GN,GND_N,-1,-1,Badulla_GN_MOH,GND_N,-1,-1,AN_NEwest,GND_N,-1,-1,Kurunegala_GN_MOH,GND_N,-1,-1,Moneragala_GN_MOH,GND_N,-1,-1,Puttalam_GN_MOH,GND_N,-1,-1,COLOMBO_GN_MOH,GND_N,-1,-1,KALUTARA_GN_MOH,GND_N,-1,-1,GAMPAHA_GN_MOH,GND_N,-1,-1;GND_C "GND_C" true true false 3 Text 0 0 ,First,#,Nuwara_Eliya_MOH_GN,GND_C,-1,-1,Matara_MOH_GN,GND_C,-1,-1,Matale_MOH_GN,GND_C,-1,-1,Kandy_MOH_GN,GND_C,-1,-1,Hambantota_MOH_GN,GND_C,-1,-1,Galle_MOH_GN,GND_C,-1,-1,Kalmunai_MOH_GN,GND_C,-1,-1,Batti,GND_C,-1,-1,Trinco,GND_C,-1,-1,Ampara_MOH_GN,GND_C,-1,-1,Jaffna,GND_C,-1,-1,MULLATIVU,GND_C,-1,-1,VAVUNIYA,GND_C,-1,-1,MANNAR,GND_C,-1,-1,KILINOCHCHI,GND_C,-1,-1,Ratnapura_MOH_GN,GND_C,-1,-1,POLONNARUWA_GN_MOH,GND_C,-1,-1,KEGALLE_MOH_GN,GND_C,-1,-1,Badulla_GN_MOH,GND_C,-1,-1,AN_NEwest,GND_C,-1,-1,Kurunegala_GN_MOH,GND_C,-1,-1,Moneragala_GN_MOH,GND_C,-1,-1,Puttalam_GN_MOH,GND_C,-1,-1,COLOMBO_GN_MOH,GND_C,-1,-1,KALUTARA_GN_MOH,GND_C,-1,-1,GAMPAHA_GN_MOH,GND_C,-1,-1;MC_UC_PS_N "MC_UC_PS_N" true true false 50 Text 0 0 ,First,#,Nuwara_Eliya_MOH_GN,MC_UC_PS_N,-1,-1,Matara_MOH_GN,MC_UC_PS_N,-1,-1,Matale_MOH_GN,MC_UC_PS_N,-1,-1,Kandy_MOH_GN,MC_UC_PS_N,-1,-1,Hambantota_MOH_GN,MC_UC_PS_N,-1,-1,Galle_MOH_GN,MC_UC_PS_N,-1,-1,Kalmunai_MOH_GN,MC_UC_PS_N,-1,-1,Batti,MC_UC_PS_N,-1,-1,Trinco,MC_UC_PS_N,-1,-1,Ampara_MOH_GN,MC_UC_PS_N,-1,-1,Jaffna,MC_UC_PS_N,-1,-1,MULLATIVU,MC_UC_PS_N,-1,-1,VAVUNIYA,MC_UC_PS_N,-1,-1,MANNAR,MC_UC_PS_N,-1,-1,KILINOCHCHI,MC_UC_PS_N,-1,-1,Ratnapura_MOH_GN,MC_UC_PS_N,-1,-1,POLONNARUWA_GN_MOH,MC_UC_PS_N,-1,-1,KEGALLE_MOH_GN,MC_UC_PS_N,-1,-1,Badulla_GN_MOH,MC_UC_PS_N,-1,-1,AN_NEwest,MC_UC_PS_N,-1,-1,Kurunegala_GN_MOH,MC_UC_PS_N,-1,-1,Moneragala_GN_MOH,MC_UC_PS_N,-1,-1,Puttalam_GN_MOH,MC_UC_PS_N,-1,-1,COLOMBO_GN_MOH,MC_UC_PS_N,-1,-1,KALUTARA_GN_MOH,MC_UC_PS_N,-1,-1,GAMPAHA_GN_MOH,MC_UC_PS_N,-1,-1;AREA "AREA" true true false 19 Double 0 0 ,First,#,Nuwara_Eliya_MOH_GN,AREA,-1,-1,Matara_MOH_GN,AREA,-1,-1,Matale_MOH_GN,AREA,-1,-1,Kandy_MOH_GN,AREA,-1,-1,Hambantota_MOH_GN,AREA,-1,-1,Galle_MOH_GN,AREA,-1,-1,Kalmunai_MOH_GN,AREA,-1,-1,Batti,AREA,-1,-1,Trinco,AREA,-1,-1,Ampara_MOH_GN,AREA,-1,-1,Jaffna,AREA,-1,-1,MULLATIVU,AREA,-1,-1,VAVUNIYA,AREA,-1,-1,MANNAR,AREA,-1,-1,KILINOCHCHI,AREA,-1,-1,Ratnapura_MOH_GN,AREA,-1,-1,POLONNARUWA_GN_MOH,AREA,-1,-1,KEGALLE_MOH_GN,AREA,-1,-1,Badulla_GN_MOH,AREA,-1,-1,AN_NEwest,AREA,-1,-1,Kurunegala_GN_MOH,AREA,-1,-1,Moneragala_GN_MOH,AREA,-1,-1,Puttalam_GN_MOH,AREA,-1,-1,COLOMBO_GN_MOH,AREA,-1,-1,KALUTARA_GN_MOH,AREA,-1,-1,GAMPAHA_GN_MOH,AREA,-1,-1;GN_UID "GN_UID" true true false 7 Text 0 0 ,First,#,Nuwara_Eliya_MOH_GN,GN_UID,-1,-1,Matara_MOH_GN,GN_UID,-1,-1,Matale_MOH_GN,GN_UID,-1,-1,Kandy_MOH_GN,GN_UID,-1,-1,Hambantota_MOH_GN,GN_UID,-1,-1,Galle_MOH_GN,GN_UID,-1,-1,Kalmunai_MOH_GN,GN_UID,-1,-1,Batti,GN_UID,-1,-1,Trinco,GN_UID,-1,-1,Ampara_MOH_GN,GN_UID,-1,-1,Jaffna,GN_UID,-1,-1,MULLATIVU,GN_UID,-1,-1,VAVUNIYA,GN_UID,-1,-1,MANNAR,GN_UID,-1,-1,KILINOCHCHI,GN_UID,-1,-1,Ratnapura_MOH_GN,GN_UID,-1,-1,POLONNARUWA_GN_MOH,GN_UID,-1,-1,KEGALLE_MOH_GN,GN_UID,-1,-1,Badulla_GN_MOH,GN_UID,-1,-1,AN_NEwest,GN_UID,-1,-1,Kurunegala_GN_MOH,GN_UID,-1,-1,Moneragala_GN_MOH,GN_UID,-1,-1,Puttalam_GN_MOH,GN_UID,-1,-1,COLOMBO_GN_MOH,GN_UID,-1,-1,KALUTARA_GN_MOH,GN_UID,-1,-1,GAMPAHA_GN_MOH,GN_UID,-1,-1;ORIG_FID "ORIG_FID" true true false 9 Long 0 9 ,First,#,Nuwara_Eliya_MOH_GN,ORIG_FID,-1,-1,Matara_MOH_GN,ORIG_FID,-1,-1,Matale_MOH_GN,ORIG_FID,-1,-1,Kandy_MOH_GN,ORIG_FID,-1,-1,Hambantota_MOH_GN,ORIG_FID,-1,-1,Galle_MOH_GN,ORIG_FID,-1,-1,Kalmunai_MOH_GN,ORIG_FID,-1,-1,Batti,ORIG_FID,-1,-1,Trinco,ORIG_FID,-1,-1,Ampara_MOH_GN,ORIG_FID,-1,-1,Jaffna,ORIG_FID,-1,-1,MULLATIVU,ORIG_FID,-1,-1,VAVUNIYA,ORIG_FID,-1,-1,MANNAR,ORIG_FID,-1,-1,KILINOCHCHI,ORIG_FID,-1,-1,Ratnapura_MOH_GN,ORIG_FID,-1,-1,POLONNARUWA_GN_MOH,ORIG_FID,-1,-1,KEGALLE_MOH_GN,ORIG_FID,-1,-1,Badulla_GN_MOH,ORIG_FID,-1,-1,AN_NEwest,ORIG_FID,-1,-1,Kurunegala_GN_MOH,ORIG_FID,-1,-1,Moneragala_GN_MOH,ORIG_FID,-1,-1,Puttalam_GN_MOH,ORIG_FID,-1,-1,COLOMBO_GN_MOH,ORIG_FID,-1,-1,KALUTARA_GN_MOH,ORIG_FID,-1,-1,GAMPAHA_GN_MOH,ORIG_FID,-1,-1;Shape_Leng "Shape_Leng" true true false 19 Double 0 0 ,First,#,Nuwara_Eliya_MOH_GN,Shape_Leng,-1,-1,Matara_MOH_GN,Shape_Leng,-1,-1,Matale_MOH_GN,Shape_Leng,-1,-1,Kandy_MOH_GN,Shape_Leng,-1,-1,Hambantota_MOH_GN,Shape_Leng,-1,-1,Galle_MOH_GN,Shape_Leng,-1,-1,Kalmunai_MOH_GN,Shape_Leng,-1,-1,Batti,Shape_Leng,-1,-1,Trinco,Shape_Leng,-1,-1,Ampara_MOH_GN,Shape_Leng,-1,-1,Jaffna,Shape_Leng,-1,-1,MULLATIVU,Shape_Leng,-1,-1,VAVUNIYA,Shape_Leng,-1,-1,MANNAR,Shape_Leng,-1,-1,KILINOCHCHI,Shape_Leng,-1,-1,Ratnapura_MOH_GN,Shape_Leng,-1,-1,POLONNARUWA_GN_MOH,Shape_Leng,-1,-1,KEGALLE_MOH_GN,Shape_Leng,-1,-1,Badulla_GN_MOH,Shape_Leng,-1,-1,AN_NEwest,Shape_Leng,-1,-1,Kurunegala_GN_MOH,Shape_Leng,-1,-1,Moneragala_GN_MOH,Shape_Leng,-1,-1,Puttalam_GN_MOH,Shape_Leng,-1,-1,COLOMBO_GN_MOH,Shape_Leng,-1,-1,KALUTARA_GN_MOH,Shape_Leng,-1,-1,GAMPAHA_GN_MOH,Shape_Leng,-1,-1;Shape_Le_1 "Shape_Le_1" true true false 19 Double 0 0 ,First,#,Nuwara_Eliya_MOH_GN,Shape_Le_1,-1,-1,Matara_MOH_GN,Shape_Le_1,-1,-1,Matale_MOH_GN,Shape_Le_1,-1,-1,Kandy_MOH_GN,Shape_Le_1,-1,-1,Hambantota_MOH_GN,Shape_Le_1,-1,-1,Galle_MOH_GN,Shape_Le_1,-1,-1,Kalmunai_MOH_GN,Shape_Le_1,-1,-1,Batti,Shape_Le_1,-1,-1,Trinco,Shape_Le_1,-1,-1,Ampara_MOH_GN,Shape_Le_1,-1,-1,Jaffna,Shape_Le_1,-1,-1,MULLATIVU,Shape_Le_1,-1,-1,VAVUNIYA,Shape_Le_1,-1,-1,MANNAR,Shape_Le_1,-1,-1,KILINOCHCHI,Shape_Le_1,-1,-1,Ratnapura_MOH_GN,Shape_Le_1,-1,-1,POLONNARUWA_GN_MOH,Shape_Le_1,-1,-1,KEGALLE_MOH_GN,Shape_Le_1,-1,-1,Badulla_GN_MOH,Shape_Le_1,-1,-1,AN_NEwest,Shape_Le_1,-1,-1,Kurunegala_GN_MOH,Shape_Le_1,-1,-1,Moneragala_GN_MOH,Shape_Le_1,-1,-1,Puttalam_GN_MOH,Shape_Le_1,-1,-1,COLOMBO_GN_MOH,Shape_Le_1,-1,-1,KALUTARA_GN_MOH,Shape_Le_1,-1,-1,GAMPAHA_GN_MOH,Shape_Le_1,-1,-1;Shape_Area "Shape_Area" true true false 19 Double 0 0 ,First,#,Nuwara_Eliya_MOH_GN,Shape_Area,-1,-1,Matara_MOH_GN,Shape_Area,-1,-1,Matale_MOH_GN,Shape_Area,-1,-1,Kandy_MOH_GN,Shape_Area,-1,-1,Hambantota_MOH_GN,Shape_Area,-1,-1,Galle_MOH_GN,Shape_Area,-1,-1,Kalmunai_MOH_GN,Shape_Area,-1,-1,Batti,Shape_Area,-1,-1,Trinco,Shape_Area,-1,-1,Ampara_MOH_GN,Shape_Area,-1,-1,Jaffna,Shape_Area,-1,-1,MULLATIVU,Shape_Area,-1,-1,VAVUNIYA,Shape_Area,-1,-1,MANNAR,Shape_Area,-1,-1,KILINOCHCHI,Shape_Area,-1,-1,Ratnapura_MOH_GN,Shape_Area,-1,-1,POLONNARUWA_GN_MOH,Shape_Area,-1,-1,KEGALLE_MOH_GN,Shape_Area,-1,-1,Badulla_GN_MOH,Shape_Area,-1,-1,AN_NEwest,Shape_Area,-1,-1,Kurunegala_GN_MOH,Shape_Area,-1,-1,Moneragala_GN_MOH,Shape_Area,-1,-1,Puttalam_GN_MOH,Shape_Area,-1,-1,COLOMBO_GN_MOH,Shape_Area,-1,-1,KALUTARA_GN_MOH,Shape_Area,-1,-1,GAMPAHA_GN_MOH,Shape_Area,-1,-1;DIST_N2 "DIST_N2" true true false 50 Text 0 0 ,First,#,Nuwara_Eliya_MOH_GN,DIST_N2,-1,-1,Matara_MOH_GN,DIST_N2,-1,-1,Matale_MOH_GN,DIST_N2,-1,-1,Kandy_MOH_GN,DIST_N2,-1,-1,Hambantota_MOH_GN,DIST_N2,-1,-1,Galle_MOH_GN,DIST_N2,-1,-1,Kalmunai_MOH_GN,DIST_N2,-1,-1,Batti,DIST_N2,-1,-1,Trinco,DIST_N2,-1,-1,Ampara_MOH_GN,DIST_N2,-1,-1,Jaffna,DIST_N2,-1,-1,MULLATIVU,DIST_N2,-1,-1,VAVUNIYA,DIST_N2,-1,-1,MANNAR,DIST_N2,-1,-1,KILINOCHCHI,DIST_N2,-1,-1,Ratnapura_MOH_GN,DIST_N2,-1,-1,POLONNARUWA_GN_MOH,DIST_N2,-1,-1,KEGALLE_MOH_GN,DIST_N2,-1,-1,Badulla_GN_MOH,DIST_N2,-1,-1,AN_NEwest,DIST_N2,-1,-1,Kurunegala_GN_MOH,DIST_N2,-1,-1,Moneragala_GN_MOH,DIST_N2,-1,-1,Puttalam_GN_MOH,DIST_N2,-1,-1,COLOMBO_GN_MOH,DIST_N2,-1,-1,KALUTARA_GN_MOH,DIST_N2,-1,-1,GAMPAHA_GN_MOH,DIST_N2,-1,-1;MOH_N "MOH_N" true true false 50 Text 0 0 ,First,#,Nuwara_Eliya_MOH_GN,MOH_N,-1,-1,Matara_MOH_GN,MOH_N,-1,-1,Matale_MOH_GN,MOH_N,-1,-1,Kandy_MOH_GN,MOH_N,-1,-1,Hambantota_MOH_GN,MOH_N,-1,-1,Galle_MOH_GN,MOH_N,-1,-1,Kalmunai_MOH_GN,MOH_N,-1,-1,Batti,MOH_N,-1,-1,Trinco,MOH_N,-1,-1,Ampara_MOH_GN,MOH_N,-1,-1,Jaffna,MOH_N,-1,-1,MULLATIVU,MOH_N,-1,-1,VAVUNIYA,MOH_N,-1,-1,MANNAR,MOH_N,-1,-1,KILINOCHCHI,MOH_N,-1,-1,Ratnapura_MOH_GN,MOH_N,-1,-1,POLONNARUWA_GN_MOH,MOH_N,-1,-1,KEGALLE_MOH_GN,MOH_N,-1,-1,Badulla_GN_MOH,MOH_N,-1,-1,AN_NEwest,MOH_N,-1,-1,Kurunegala_GN_MOH,MOH_N,-1,-1,Moneragala_GN_MOH,MOH_N,-1,-1,Puttalam_GN_MOH,MOH_N,-1,-1,COLOMBO_GN_MOH,MOH_N,-1,-1,KALUTARA_GN_MOH,MOH_N,-1,-1,GAMPAHA_GN_MOH,MOH_N,-1,-1;MO_H "MO_H" true true false 50 Text 0 0 ,First,#,Batti,MO_H,-1,-1;OBJECTID "OBJECTID" true true false 9 Long 0 9 ,First,#,Ampara_MOH_GN,OBJECTID,-1,-1;Shape_Le_2 "Shape_Le_2" true true false 19 Double 0 0 ,First,#,Ampara_MOH_GN,Shape_Le_2,-1,-1"</Process><Process ToolSource="c:\program files (x86)\arcgis\desktop10.1\ArcToolbox\Toolboxes\Data Management Tools.tbx\Dissolve" Date="20150316" Time="191535">Dissolve SL_MOH_GN C:\Users\Pamod\Documents\ArcGIS\Default.gdb\SL_MOH_GN_Dissolve1 MOH_N # MULTI_PART DISSOLVE_LINES</Process></lineage><itemProps><itemLocation><linkage Sync="TRUE">file://\\PAMOD\Users\Pamod\Documents\ArcGIS\Default.gdb</linkage><protocol Sync="TRUE">Local Area Network</protocol></itemLocation><itemName Sync="TRUE">SL_MOH_GN_Dissolve1</itemName><imsContentType Sync="TRUE">002</imsContentType><itemSize Sync="TRUE">0.000</itemSize></itemProps><copyHistory><copy source="\\Server\2001_BOUNDARY_UPDATE\digit_11\Ampara_EDITED\ampara_gnd_final" dest="\\GIS-4\E$\CM2011_GNDB_STG1_V2\ampara_gnd_finalCopy" date="20120824" time="14372800"></copy></copyHistory><coordRef><type Sync="TRUE">Projected</type><geogcsn Sync="TRUE">GCS_Kandawala</geogcsn><csUnits Sync="TRUE">Linear Unit: Meter (1.000000)</csUnits><projcsn Sync="TRUE">Kandawala_Sri_Lanka_Grid</projcsn><peXml Sync="TRUE">&lt;ProjectedCoordinateSystem xsi:type='typens:ProjectedCoordinateSystem' xmlns:xsi='http://www.w3.org/2001/XMLSchema-instance' xmlns:xs='http://www.w3.org/2001/XMLSchema' xmlns:typens='http://www.esri.com/schemas/ArcGIS/10.1'&gt;&lt;WKT&gt;PROJCS[&amp;quot;Kandawala_Sri_Lanka_Grid&amp;quot;,GEOGCS[&amp;quot;GCS_Kandawala&amp;quot;,DATUM[&amp;quot;D_Kandawala&amp;quot;,SPHEROID[&amp;quot;Everest_Adjustment_1937&amp;quot;,6377276.345,300.8017]],PRIMEM[&amp;quot;Greenwich&amp;quot;,0.0],UNIT[&amp;quot;Degree&amp;quot;,0.0174532925199433]],PROJECTION[&amp;quot;Transverse_Mercator&amp;quot;],PARAMETER[&amp;quot;False_Easting&amp;quot;,200000.0],PARAMETER[&amp;quot;False_Northing&amp;quot;,200000.0],PARAMETER[&amp;quot;Central_Meridian&amp;quot;,80.77171111111112],PARAMETER[&amp;quot;Scale_Factor&amp;quot;,0.9999238418],PARAMETER[&amp;quot;Latitude_Of_Origin&amp;quot;,7.000480277777778],UNIT[&amp;quot;Meter&amp;quot;,1.0],AUTHORITY[&amp;quot;EPSG&amp;quot;,5234]]&lt;/WKT&gt;&lt;XOrigin&gt;-5421900&lt;/XOrigin&gt;&lt;YOrigin&gt;-10574100&lt;/YOrigin&gt;&lt;XYScale&gt;10000&lt;/XYScale&gt;&lt;ZOrigin&gt;-100000&lt;/ZOrigin&gt;&lt;ZScale&gt;10000&lt;/ZScale&gt;&lt;MOrigin&gt;-100000&lt;/MOrigin&gt;&lt;MScale&gt;10000&lt;/MScale&gt;&lt;XYTolerance&gt;0.001&lt;/XYTolerance&gt;&lt;ZTolerance&gt;0.001&lt;/ZTolerance&gt;&lt;MTolerance&gt;0.001&lt;/MTolerance&gt;&lt;HighPrecision&gt;true&lt;/HighPrecision&gt;&lt;WKID&gt;5234&lt;/WKID&gt;&lt;LatestWKID&gt;5234&lt;/LatestWKID&gt;&lt;/ProjectedCoordinateSystem&gt;</peXml></coordRef></DataProperties><SyncDate>20150316</SyncDate><SyncTime>19152500</SyncTime><ModDate>20150316</ModDate><ModTime>19152500</ModTime><ArcGISFormat>1.0</ArcGISFormat></Esri><dataIdInfo><envirDesc Sync="TRUE"> Version 6.2 (Build 9200) ; Esri ArcGIS 10.1.0.3035</envirDesc><dataLang><languageCode value="eng" Sync="TRUE" country="USA"></languageCode><countryCode value="USA" Sync="TRUE"></countryCode></dataLang><idCitation><resTitle Sync="TRUE">SL_MOH_GN_Dissolve1</resTitle><presForm><PresFormCd value="005" Sync="TRUE"></PresFormCd></presForm></idCitation><spatRpType><SpatRepTypCd value="001" Sync="TRUE"></SpatRepTypCd></spatRpType><descKeys><thesaName uuidref="723f6998-058e-11dc-8314-0800200c9a66"></thesaName><keyword Sync="TRUE">002</keyword></descKeys></dataIdInfo><mdLang><languageCode value="eng" Sync="TRUE"></languageCode><countryCode value="USA" Sync="TRUE"></countryCode></mdLang><mdChar><CharSetCd value="004" Sync="TRUE"></CharSetCd></mdChar><distInfo><distFormat><formatName Sync="TRUE">File Geodatabase Feature Class</formatName></distFormat><distributor><distorTran><onLineSrc><orDesc Sync="TRUE">002</orDesc><linkage Sync="TRUE">file://\\LIS28\D$\NDC\Kaluthara\Kalutara.mdb</linkage><protocol Sync="TRUE">Local Area Network</protocol></onLineSrc></distorTran><distorFormat><formatName Sync="TRUE">Personal GeoDatabase Feature Class</formatName></distorFormat></distributor><distTranOps><transSize Sync="TRUE">0.000</transSize></distTranOps></distInfo><mdHrLv><ScopeCd value="005" Sync="TRUE"></ScopeCd></mdHrLv><mdHrLvName Sync="TRUE">dataset</mdHrLvName><refSysInfo><RefSystem><refSysID><identCode code="0" Sync="TRUE" value="5234">Kandawala_Sri_Lanka_Grid</identCode><idCodeSpace Sync="TRUE">EPSG</idCodeSpace><idVersion Sync="TRUE">7.9.4</idVersion></refSysID></RefSystem></refSysInfo><spatRepInfo><VectSpatRep><geometObjs Name="SL_MOH_GN_Dissolve1"><geoObjTyp><GeoObjTypCd value="002" Sync="TRUE"></GeoObjTypCd></geoObjTyp><geoObjCnt Sync="TRUE">0</geoObjCnt></geometObjs><topLvl><TopoLevCd value="001" Sync="TRUE"></TopoLevCd></topLvl></VectSpatRep></spatRepInfo><spdoinfo><direct Sync="TRUE">Vector</direct><ptvctinf><esriterm Name="SL_MOH_GN_Dissolve1"><efeatyp Sync="TRUE">Simple</efeatyp><efeageom code="4" Sync="TRUE"></efeageom><esritopo Sync="TRUE">FALSE</esritopo><efeacnt Sync="TRUE">0</efeacnt><spindex Sync="TRUE">TRUE</spindex><linrefer Sync="TRUE">FALSE</linrefer></esriterm></ptvctinf></spdoinfo><eainfo><detailed Name="SL_MOH_GN_Dissolve1"><enttyp><enttypl Sync="TRUE">SL_MOH_GN_Dissolve1</enttypl><enttypt Sync="TRUE">Feature Class</enttypt><enttypc Sync="TRUE">0</enttypc></enttyp><attr><attrlabl Sync="TRUE">Shape</attrlabl><attalias Sync="TRUE">Shape</attalias><attrtype Sync="TRUE">Geometry</attrtype><attwidth Sync="TRUE">0</attwidth><atprecis Sync="TRUE">0</atprecis><attscale Sync="TRUE">0</attscale><attrdef Sync="TRUE">Feature geometry.</attrdef><attrdefs Sync="TRUE">Esri</attrdefs><attrdomv><udom Sync="TRUE">Coordinates defining the features.</udom></attrdomv></attr><attr><attrlabl Sync="TRUE">Shape_Area</attrlabl><attalias Sync="TRUE">Shape_Area</attalias><attrtype Sync="TRUE">Double</attrtype><attwidth Sync="TRUE">8</attwidth><atprecis Sync="TRUE">0</atprecis><attscale Sync="TRUE">0</attscale><attrdef Sync="TRUE">Area of feature in internal units squared.</attrdef><attrdefs Sync="TRUE">ESRI</attrdefs><attrdomv><udom Sync="TRUE">Positive real numbers that are automatically generated.</udom></attrdomv></attr><attr><attrlabl Sync="TRUE">MOH_N</attrlabl><attalias Sync="TRUE">MOH_N</attalias><attrtype Sync="TRUE">String</attrtype><attwidth Sync="TRUE">50</attwidth><atprecis Sync="TRUE">0</atprecis><attscale Sync="TRUE">0</attscale></attr><attr><attrlabl Sync="TRUE">Shape_Length</attrlabl><attalias Sync="TRUE">Shape_Length</attalias><attrtype Sync="TRUE">Double</attrtype><attwidth Sync="TRUE">8</attwidth><atprecis Sync="TRUE">0</atprecis><attscale Sync="TRUE">0</attscale><attrdef Sync="TRUE">Length of feature in internal units.</attrdef><attrdefs Sync="TRUE">Esri</attrdefs><attrdomv><udom Sync="TRUE">Positive real numbers that are automatically generated.</udom></attrdomv></attr><attr><attrlabl Sync="TRUE">OBJECTID</attrlabl><attalias Sync="TRUE">OBJECTID</attalias><attrtype Sync="TRUE">OID</attrtype><attwidth Sync="TRUE">4</attwidth><atprecis Sync="TRUE">0</atprecis><attscale Sync="TRUE">0</attscale><attrdef Sync="TRUE">Internal feature number.</attrdef><attrdefs Sync="TRUE">Esri</attrdefs><attrdomv><udom Sync="TRUE">Sequential unique whole numbers that are automatically generated.</udom></attrdomv></attr></detailed></eainfo><mdDateSt Sync="TRUE">20150316</mdDateSt><idinfo><native Sync="TRUE">Microsoft Windows Vista Version 6.1 (Build 7601) Service Pack 1; ESRI ArcCatalog 9.3.0.1770</native><descript><langdata Sync="TRUE">en</langdata></descript><citation><citeinfo><title Sync="TRUE">AD_PS_Pg_new</title><ftname Sync="TRUE">AD_PS_Pg_new</ftname><geoform Sync="TRUE">vector digital data</geoform><onlink Sync="TRUE">\\LIS28\D$\NDC\Kaluthara\Kalutara.mdb</onlink></citeinfo></citation><natvform Sync="TRUE">Personal GeoDatabase Feature Class</natvform></idinfo><metainfo><langmeta Sync="TRUE">en</langmeta><metstdn Sync="TRUE">FGDC Content Standards for Digital Geospatial Metadata</metstdn><metstdv Sync="TRUE">FGDC-STD-001-1998</metstdv><mettc Sync="TRUE">local time</mettc><metd Sync="TRUE">20131024</metd></metainfo><mdStanName Sync="TRUE">ISO 19115 Geographic Information - Metadata</mdStanName><mdStanVer Sync="TRUE">DIS_ESRI1.0</mdStanVer><distinfo><resdesc Sync="TRUE">Downloadable Data</resdesc></distinfo><spref><horizsys><cordsysn><geogcsn Sync="TRUE">GCS_Kandawala</geogcsn><projcsn Sync="TRUE">Kandawala_Sri_Lanka_Grid</projcsn></cordsysn><planar><planci><plance Sync="TRUE">coordinate pair</plance><plandu Sync="TRUE">meters</plandu><coordrep><absres Sync="TRUE">0.000081</absres><ordres Sync="TRUE">0.000081</ordres></coordrep></planci></planar><geodetic><horizdn Sync="TRUE">D_Kandawala</horizdn><ellips Sync="TRUE">Everest_Adjustment_1937</ellips><semiaxis Sync="TRUE">6377276.345000</semiaxis><denflat Sync="TRUE">300.801700</denflat></geodetic></horizsys><vertdef><altsys><altenc Sync="TRUE">Explicit elevation coordinate included with horizontal coordinates</altenc><altres Sync="TRUE">0.000001</altres></altsys></vertdef></spref></metadata>
